Workbook

Sheet ①使い方
A1: 中位60%アップセル機会表（福田会計・営業C-1既存）
A2: 作成日: 2026-07-18 ／ 基準: LTV測定v1（税務顧問171件・契約報酬合計7,253万円・上位20%(35件)で売上46%）
A4: ■ 目的
A5: 中位60%層（LTV測定v1では約103先）に対し、+10万円/社のアップセル機会を可視化し、提案先と提案商品を確定する。
A7: ■ 使い方（3ステップ）
A8: STEP1: シート②の黄色セル「年間契約報酬」に、MJS/マネーフォワードの契約データから年間報酬（税抜・円）を転記する。
A9: → 入力すると「層判定」（上位20%／中位60%／下位20%）が自動計算される。
A10: STEP2: 層判定が「中位60%」の先について、戦略整合性チェック①〜⑥（該当=1、非該当=0）を入力する。
A11: → 整合性（高/中/低）と優先度スコアが自動計算される。「◎」列は記帳代行・関与レベルからの自動候補。
A12: STEP3: 優先度スコアの高い先から「提案商品（確定）」「提案額」を入力し、担当者と次アクションを決める。
A13: → シート③に層別集計・担当者別件数・増収ポテンシャルが自動集計される。
A15: ■ 凡例
... A35: ・層判定は「税務顧問対象=1かつ報酬入力済み」の先だけを母集団として毎回再計算される（件数が171件と一致しなくても機能する）。

Sheet ②顧問先マスター
A1: 顧問先マスター＆アップセル判定表
A2: 黄色=入力欄 ／ 青字=事前設定(修正可) ／ 黒字=自動計算。行4は入力例（集計対象外）。
A3: コード | B3: 顧問先名称 | C3: 区分 | D3: 決算月 | E3: 主担当者 | F3: 記帳代行 | G3: 関与レベル | H3: 税務顧問対象 (1/0) | I3: 年間契約報酬 (円・税抜) | J3: 有効 | K3: 報酬順位 | L3: 層判定 | M3: 経理コンサル 候補 | N3: 伴走型 候補 | O3: クラウド創業 候補(手入力○) | P3: コンパクト相続 候補(手入力○) | Q3: チェック① クラウド | R3: チェック② 創業5年 | S3: チェック③ 相続承継 | T3: チェック④ 経理課題 | U3: チェック⑤ DX | V3: チェック⑥ 伴走 | W3: 戦略整合性 | X3: 優先度スコア | Y3: 提案商品 （確定） | Z3: 提案額 (円) | AA3: 次アクション | AB3: ステータス
A4: (例)10999999 | B4: 株式会社サンプル商事 | C4: 法人 | D4: 3 | E4: 福田 秀幸 | F4: あり | G4: C:総勘定元帳の記帳から決算、申告、税務代理まで | H4: 0 | I4: 660000 | J4: 0 | K4: — | L4: (例)中位60% | M4: ◎ | O4: ○ | Q4: 1 | R4: 0 | S4: 0 | T4: 1 | U4: 1 | V4: 1 | W4: 高 | X4: 5 | Y4: 経理コンサル | Z4: 100000 | AA4: 8月面談で経理体制ヒアリング | AB4: 提案準備中
A5: 10100002 | B5: 株式会社 お茶のうちだ | C5: 法人 | D5: 1 | E5: 荻原 真之 | F5: あり | G5: A:伝票作成から決算、申告、税務代理まで | H5: 1 | J5: =IF(AND(H5=1,N(I5)>0),1,0) -> 0 | K5: =IF(J5=1,SUMPRODUCT(($J$5:$J$312=1)*(N($I$5:$I$312)>N(I5)))+1,"") | L5: =IF(J5<>1,"",IF(K5<=ROUND(SUM($J$5:$J$312)*0.2,0),"上位20%",IF(K5<=ROUND(SUM($J$5:$J$312)*0.8,0),"中位60%","下位20%"))) | M5: =IF(F5="あり","◎","") -> ◎ | N5: =IF(OR(LEFT(G5,1)="A",LEFT(G5,1)="B"),"◎","") -> ◎ | W5: =IF((N(Q5)+N(R5)+N(S5)+N(T5)+N(U5)+N(V5))=0,"",IF(AND((N(Q5)+N(R5)+N(T5))>=2,(N(Q5)+N(R5)+N(S5)+N(T5)+N(U5)+N(V5))>=4),"高",IF(AND((N(Q5)+N(R5)+N(T5))>=1,(N(Q5)+N(R5)+N(S5)+N(T5)+N(U5)+N(V5))=3),"中","低"))) | X5: =IF(L5="中位60%",IF(W5="高",3,IF(W5="中",2,IF(W5="低",1,0)))+IF(M5="◎",1,0)+IF(N5="◎",1,0)+IF(O5="○",1,0)+IF(P5="○",1,0),"")
A6: 10100008 | B6: 株式会社 アルファライフ | C6: 法人 | D6: 1 | E6: 福田 純夫 | F6: なし | H6: 1 | J6: =IF(AND(H6=1,N(I6)>0),1,0) -> 0 | K6: =IF(J6=1,SUMPRODUCT(($J$5:$J$312=1)*(N($I$5:$I$312)>N(I6)))+1,"") | L6: =IF(J6<>1,"",IF(K6<=ROUND(SUM($J$5:$J$312)*0.2,0),"上位20%",IF(K6<=ROUND(SUM($J$5:$J$312)*0.8,0),"中位60%","下位20%"))) | M6: =IF(F6="あり","◎","") | N6: =IF(OR(LEFT(G6,1)="A",LEFT(G6,1)="B"),"◎","") | W6: =IF((N(Q6)+N(R6)+N(S6)+N(T6)+N(U6)+N(V6))=0,"",IF(AND((N(Q6)+N(R6)+N(T6))>=2,(N(Q6)+N(R6)+N(S6)+N(T6)+N(U6)+N(V6))>=4),"高",IF(AND((N(Q6)+N(R6)+N(T6))>=1,(N(Q6)+N(R6)+N(S6)+N(T6)+N(U6)+N(V6))=3),"中","低"))) | X6: =IF(L6="中位60%",IF(W6="高",3,IF(W6="中",2,IF(W6="低",1,0)))+IF(M6="◎",1,0)+IF(N6="◎",1,0)+IF(O6="○",1,0)+IF(P6="○",1,0),"")
A7: 10200004 | B7: 株式会社 横島園 | C7: 法人 | D7: 2 | E7: 田村 未帆 | F7: あり | G7: C:総勘定元帳の記帳から決算、申告、税務代理まで | H7: 1 | J7: =IF(AND(H7=1,N(I7)>0),1,0) -> 0 | K7: =IF(J7=1,SUMPRODUCT(($J$5:$J$312=1)*(N($I$5:$I$312)>N(I7)))+1,"") | L7: =IF(J7<>1,"",IF(K7<=ROUND(SUM($J$5:$J$312)*0.2,0),"上位20%",IF(K7<=ROUND(SUM($J$5:$J$312)*0.8,0),"中位60%","下位20%"))) | M7: =IF(F7="あり","◎","") -> ◎ | N7: =IF(OR(LEFT(G7,1)="A",LEFT(G7,1)="B"),"◎","") | W7: =IF((N(Q7)+N(R7)+N(S7)+N(T7)+N(U7)+N(V7))=0,"",IF(AND((N(Q7)+N(R7)+N(T7))>=2,(N(Q7)+N(R7)+N(S7)+N(T7)+N(U7)+N(V7))>=4),"高",IF(AND((N(Q7)+N(R7)+N(T7))>=1,(N(Q7)+N(R7)+N(S7)+N(T7)+N(U7)+N(V7))=3),"中","低"))) | X7: =IF(L7="中位60%",IF(W7="高",3,IF(W7="中",2,IF(W7="低",1,0)))+IF(M7="◎",1,0)+IF(N7="◎",1,0)+IF(O7="○",1,0)+IF(P7="○",1,0),"")
A8: 10200006 | B8: 株式会社 山策 | C8: 法人 | D8: 2 | E8: 福田 純夫 | F8: なし | G8: C:総勘定元帳の記帳から決算、申告、税務代理まで | H8: 1 | J8: =IF(AND(H8=1,N(I8)>0),1,0) -> 0 | K8: =IF(J8=1,SUMPRODUCT(($J$5:$J$312=1)*(N($I$5:$I$312)>N(I8)))+1,"") | L8: =IF(J8<>1,"",IF(K8<=ROUND(SUM($J$5:$J$312)*0.2,0),"上位20%",IF(K8<=ROUND(SUM($J$5:$J$312)*0.8,0),"中位60%","下位20%"))) | M8: =IF(F8="あり","◎","") | N8: =IF(OR(LEFT(G8,1)="A",LEFT(G8,1)="B"),"◎","") | W8: =IF((N(Q8)+N(R8)+N(S8)+N(T8)+N(U8)+N(V8))=0,"",IF(AND((N(Q8)+N(R8)+N(T8))>=2,(N(Q8)+N(R8)+N(S8)+N(T8)+N(U8)+N(V8))>=4),"高",IF(AND((N(Q8)+N(R8)+N(T8))>=1,(N(Q8)+N(R8)+N(S8)+N(T8)+N(U8)+N(V8))=3),"中","低"))) | X8: =IF(L8="中位60%",IF(W8="高",3,IF(W8="中",2,IF(W8="低",1,0)))+IF(M8="◎",1,0)+IF(N8="◎",1,0)+IF(O8="○",1,0)+IF(P8="○",1,0),"")
A9: 10200007 | B9: 株式会社 創造生活 | C9: 法人 | D9: 7 | E9: 福田 秀幸 | F9: あり | G9: D:決算書の作成から申告、税務代理まで | H9: 1 | J9: =IF(AND(H9=1,N(I9)>0),1,0) -> 0 | K9: =IF(J9=1,SUMPRODUCT(($J$5:$J$312=1)*(N($I$5:$I$312)>N(I9)))+1,"") | L9: =IF(J9<>1,"",IF(K9<=ROUND(SUM($J$5:$J$312)*0.2,0),"上位20%",IF(K9<=ROUND(SUM($J$5:$J$312)*0.8,0),"中位60%","下位20%"))) | M9: =IF(F9="あり","◎","") -> ◎ | N9: =IF(OR(LEFT(G9,1)="A",LEFT(G9,1)="B"),"◎","") | W9: =IF((N(Q9)+N(R9)+N(S9)+N(T9)+N(U9)+N(V9))=0,"",IF(AND((N(Q9)+N(R9)+N(T9))>=2,(N(Q9)+N(R9)+N(S9)+N(T9)+N(U9)+N(V9))>=4),"高",IF(AND((N(Q9)+N(R9)+N(T9))>=1,(N(Q9)+N(R9)+N(S9)+N(T9)+N(U9)+N(V9))=3),"中","低"))) | X9: =IF(L9="中位60%",IF(W9="高",3,IF(W9="中",2,IF(W9="低",1,0)))+IF(M9="◎",1,0)+IF(N9="◎",1,0)+IF(O9="○",1,0)+IF(P9="○",1,0),"")
A10: 10200010 | B10: 有限会社 玉木製作所 | C10: 法人 | D10: 2 | E10: 越沼 浩美 | F10: なし | G10: A:伝票作成から決算、申告、税務代理まで | H10: 1 | J10: =IF(AND(H10=1,N(I10)>0),1,0) -> 0 | K10: =IF(J10=1,SUMPRODUCT(($J$5:$J$312=1)*(N($I$5:$I$312)>N(I10)))+1,"") | L10: =IF(J10<>1,"",IF(K10<=ROUND(SUM($J$5:$J$312)*0.2,0),"上位20%",IF(K10<=ROUND(SUM($J$5:$J$312)*0.8,0),"中位60%","下位20%"))) | M10: =IF(F10="あり","◎","") | N10: =IF(OR(LEFT(G10,1)="A",LEFT(G10,1)="B"),"◎","") -> ◎ | W10: =IF((N(Q10)+N(R10)+N(S10)+N(T10)+N(U10)+N(V10))=0,"",IF(AND((N(Q10)+N(R10)+N(T10))>=2,(N(Q10)+N(R10)+N(S10)+N(T10)+N(U10)+N(V10))>=4),"高",IF(AND((N(Q10)+N(R10)+N(T10))>=1,(N(Q10)+N(R10)+N(S10)+N(T10)+N(U10)+N(V10))=3),"中","低"))) | X10: =IF(L10="中位60%",IF(W10="高",3,IF(W10="中",2,IF(W10="低",1,0)))+IF(M10="◎",1,0)+IF(N10="◎",1,0)+IF(O10="○",1,0)+IF(P10="○",1,0),"")
A11: 10200013 | B11: 株式会社 東洋企画 | C11: 法人 | D11: 2 | E11: 和田 小百合 | F11: あり | H11: 1 | J11: =IF(AND(H11=1,N(I11)>0),1,0) -> 0 | K11: =IF(J11=1,SUMPRODUCT(($J$5:$J$312=1)*(N($I$5:$I$312)>N(I11)))+1,"") | L11: =IF(J11<>1,"",IF(K11<=ROUND(SUM($J$5:$J$312)*0.2,0),"上位20%",IF(K11<=ROUND(SUM($J$5:$J$312)*0.8,0),"中位60%","下位20%"))) | M11: =IF(F11="あり","◎","") -> ◎ | N11: =IF(OR(LEFT(G11,1)="A",LEFT(G11,1)="B"),"◎","") | W11: =IF((N(Q11)+N(R11)+N(S11)+N(T11)+N(U11)+N(V11))=0,"",IF(AND((N(Q11)+N(R11)+N(T11))>=2,(N(Q11)+N(R11)+N(S11)+N(T11)+N(U11)+N(V11))>=4),"高",IF(AND((N(Q11)+N(R11)+N(T11))>=1,(N(Q11)+N(R11)+N(S11)+N(T11)+N(U11)+N(V11))=3),"中","低"))) | X11: =IF(L11="中位60%",IF(W11="高",3,IF(W11="中",2,IF(W11="低",1,0)))+IF(M11="◎",1,0)+IF(N11="◎",1,0)+IF(O11="○",1,0)+IF(P11="○",1,0),"")
A12: 10200015 | B12: 株式会社 ナノグラスコーティング | C12: 法人 | D12: 2 | E12: 福田 純夫 | F12: なし | H12: 1 | J12: =IF(AND(H12=1,N(I12)>0),1,0) -> 0 | K12: =IF(J12=1,SUMPRODUCT(($J$5:$J$312=1)*(N($I$5:$I$312)>N(I12)))+1,"") | L12: =IF(J12<>1,"",IF(K12<=ROUND(SUM($J$5:$J$312)*0.2,0),"上位20%",IF(K12<=ROUND(SUM($J$5:$J$312)*0.8,0),"中位60%","下位20%"))) | M12: =IF(F12="あり","◎","") | N12: =IF(OR(LEFT(G12,1)="A",LEFT(G12,1)="B"),"◎","") | W12: =IF((N(Q12)+N(R12)+N(S12)+N(T12)+N(U12)+N(V12))=0,"",IF(AND((N(Q12)+N(R12)+N(T12))>=2,(N(Q12)+N(R12)+N(S12)+N(T12)+N(U12)+N(V12))>=4),"高",IF(AND((N(Q12)+N(R12)+N(T12))>=1,(N(Q12)+N(R12)+N(S12)+N(T12)+N(U12)+N(V12))=3),"中","低"))) | X12: =IF(L12="中位60%",IF(W12="高",3,IF(W12="中",2,IF(W12="低",1,0)))+IF(M12="◎",1,0)+IF(N12="◎",1,0)+IF(O12="○",1,0)+IF(P12="○",1,0),"")
A13: 10200016 | B13: 株式会社 トップ・アシスト | C13: 法人 | D13: 2 | E13: 和田 小百合 | F13: あり | H13: 1 | J13: =IF(AND(H13=1,N(I13)>0),1,0) -> 0 | K13: =IF(J13=1,SUMPRODUCT(($J$5:$J$312=1)*(N($I$5:$I$312)>N(I13)))+1,"") | L13: =IF(J13<>1,"",IF(K13<=ROUND(SUM($J$5:$J$312)*0.2,0),"上位20%",IF(K13<=ROUND(SUM($J$5:$J$312)*0.8,0),"中位60%","下位20%"))) | M13: =IF(F13="あり","◎","") -> ◎ | N13: =IF(OR(LEFT(G13,1)="A",LEFT(G13,1)="B"),"◎","") | W13: =IF((N(Q13)+N(R13)+N(S13)+N(T13)+N(U13)+N(V13))=0,"",IF(AND((N(Q13)+N(R13)+N(T13))>=2,(N(Q13)+N(R13)+N(S13)+N(T13)+N(U13)+N(V13))>=4),"高",IF(AND((N(Q13)+N(R13)+N(T13))>=1,(N(Q13)+N(R13)+N(S13)+N(T13)+N(U13)+N(V13))=3),"中","低"))) | X13: =IF(L13="中位60%",IF(W13="高",3,IF(W13="中",2,IF(W13="低",1,0)))+IF(M13="◎",1,0)+IF(N13="◎",1,0)+IF(O13="○",1,0)+IF(P13="○",1,0),"")
A14: 10200017 | B14: ヒルインターナショナル 株式会社 | C14: 法人 | D14: 2 | E14: 松崎 恵 | F14: あり | H14: 1 | J14: =IF(AND(H14=1,N(I14)>0),1,0) -> 0 | K14: =IF(J14=1,SUMPRODUCT(($J$5:$J$312=1)*(N($I$5:$I$312)>N(I14)))+1,"") | L14: =IF(J14<>1,"",IF(K14<=ROUND(SUM($J$5:$J$312)*0.2,0),"上位20%",IF(K14<=ROUND(SUM($J$5:$J$312)*0.8,0),"中位60%","下位20%"))) | M14: =IF(F14="あり","◎","") -> ◎ | N14: =IF(OR(LEFT(G14,1)="A",LEFT(G14,1)="B"),"◎","") | W14: =IF((N(Q14)+N(R14)+N(S14)+N(T14)+N(U14)+N(V14))=0,"",IF(AND((N(Q14)+N(R14)+N(T14))>=2,(N(Q14)+N(R14)+N(S14)+N(T14)+N(U14)+N(V14))>=4),"高",IF(AND((N(Q14)+N(R14)+N(T14))>=1,(N(Q14)+N(R14)+N(S14)+N(T14)+N(U14)+N(V14))=3),"中","低"))) | X14: =IF(L14="中位60%",IF(W14="高",3,IF(W14="中",2,IF(W14="低",1,0)))+IF(M14="◎",1,0)+IF(N14="◎",1,0)+IF(O14="○",1,0)+IF(P14="○",1,0),"")
A15: 10300001 | B15: ＣＥＳホールディングス 株式会社 | C15: 法人 | D15: 3 | E15: 荻原 真之 | F15: あり | G15: D:決算書の作成から申告、税務代理まで | H15: 1 | J15: =IF(AND(H15=1,N(I15)>0),1,0) -> 0 | K15: =IF(J15=1,SUMPRODUCT(($J$5:$J$312=1)*(N($I$5:$I$312)>N(I15)))+1,"") | L15: =IF(J15<>1,"",IF(K15<=ROUND(SUM($J$5:$J$312)*0.2,0),"上位20%",IF(K15<=ROUND(SUM($J$5:$J$312)*0.8,0),"中位60%","下位20%"))) | M15: =IF(F15="あり","◎","") -> ◎ | N15: =IF(OR(LEFT(G15,1)="A",LEFT(G15,1)="B"),"◎","") | W15: =IF((N(Q15)+N(R15)+N(S15)+N(T15)+N(U15)+N(V15))=0,"",IF(AND((N(Q15)+N(R15)+N(T15))>=2,(N(Q15)+N(R15)+N(S15)+N(T15)+N(U15)+N(V15))>=4),"高",IF(AND((N(Q15)+N(R15)+N(T15))>=1,(N(Q15)+N(R15)+N(S15)+N(T15)+N(U15)+N(V15))=3),"中","低"))) | X15: =IF(L15="中位60%",IF(W15="高",3,IF(W15="中",2,IF(W15="低",1,0)))+IF(M15="◎",1,0)+IF(N15="◎",1,0)+IF(O15="○",1,0)+IF(P15="○",1,0),"")
A16: 10300004 | B16: コアデザイン 株式会社 | C16: 法人 | D16: 3 | E16: 福田 純夫 | F16: あり | G16: C:総勘定元帳の記帳から決算、申告、税務代理まで | H16: 1 | J16: =IF(AND(H16=1,N(I16)>0),1,0) -> 0 | K16: =IF(J16=1,SUMPRODUCT(($J$5:$J$312=1)*(N($I$5:$I$312)>N(I16)))+1,"") | L16: =IF(J16<>1,"",IF(K16<=ROUND(SUM($J$5:$J$312)*0.2,0),"上位20%",IF(K16<=ROUND(SUM($J$5:$J$312)*0.8,0),"中位60%","下位20%"))) | M16: =IF(F16="あり","◎","") -> ◎ | N16: =IF(OR(LEFT(G16,1)="A",LEFT(G16,1)="B"),"◎","") | W16: =IF((N(Q16)+N(R16)+N(S16)+N(T16)+N(U16)+N(V16))=0,"",IF(AND((N(Q16)+N(R16)+N(T16))>=2,(N(Q16)+N(R16)+N(S16)+N(T16)+N(U16)+N(V16))>=4),"高",IF(AND((N(Q16)+N(R16)+N(T16))>=1,(N(Q16)+N(R16)+N(S16)+N(T16)+N(U16)+N(V16))=3),"中","低"))) | X16: =IF(L16="中位60%",IF(W16="高",3,IF(W16="中",2,IF(W16="低",1,0)))+IF(M16="◎",1,0)+IF(N16="◎",1,0)+IF(O16="○",1,0)+IF(P16="○",1,0),"")
A17: 10300008 | B17: 医療法人 日望会 | C17: 法人 | D17: 3 | E17: 荻原 真之 | F17: なし | G17: A:伝票作成から決算、申告、税務代理まで | H17: 1 | J17: =IF(AND(H17=1,N(I17)>0),1,0) -> 0 | K17: =IF(J17=1,SUMPRODUCT(($J$5:$J$312=1)*(N($I$5:$I$312)>N(I17)))+1,"") | L17: =IF(J17<>1,"",IF(K17<=ROUND(SUM($J$5:$J$312)*0.2,0),"上位20%",IF(K17<=ROUND(SUM($J$5:$J$312)*0.8,0),"中位60%","下位20%"))) | M17: =IF(F17="あり","◎","") | N17: =IF(OR(LEFT(G17,1)="A",LEFT(G17,1)="B"),"◎","") -> ◎ | W17: =IF((N(Q17)+N(R17)+N(S17)+N(T17)+N(U17)+N(V17))=0,"",IF(AND((N(Q17)+N(R17)+N(T17))>=2,(N(Q17)+N(R17)+N(S17)+N(T17)+N(U17)+N(V17))>=4),"高",IF(AND((N(Q17)+N(R17)+N(T17))>=1,(N(Q17)+N(R17)+N(S17)+N(T17)+N(U17)+N(V17))=3),"中","低"))) | X17: =IF(L17="中位60%",IF(W17="高",3,IF(W17="中",2,IF(W17="低",1,0)))+IF(M17="◎",1,0)+IF(N17="◎",1,0)+IF(O17="○",1,0)+IF(P17="○",1,0),"")
A18: 10300010 | B18: 株式会社 ＦＭ桐生 | C18: 法人 | D18: 3 | E18: 荻原 真之 | F18: なし | G18: B:補助簿の記帳から決算、申告、税務代理まで | H18: 1 | J18: =IF(AND(H18=1,N(I18)>0),1,0) -> 0 | K18: =IF(J18=1,SUMPRODUCT(($J$5:$J$312=1)*(N($I$5:$I$312)>N(I18)))+1,"") | L18: =IF(J18<>1,"",IF(K18<=ROUND(SUM($J$5:$J$312)*0.2,0),"上位20%",IF(K18<=ROUND(SUM($J$5:$J$312)*0.8,0),"中位60%","下位20%"))) | M18: =IF(F18="あり","◎","") | N18: =IF(OR(LEFT(G18,1)="A",LEFT(G18,1)="B"),"◎","") -> ◎ | W18: =IF((N(Q18)+N(R18)+N(S18)+N(T18)+N(U18)+N(V18))=0,"",IF(AND((N(Q18)+N(R18)+N(T18))>=2,(N(Q18)+N(R18)+N(S18)+N(T18)+N(U18)+N(V18))>=4),"高",IF(AND((N(Q18)+N(R18)+N(T18))>=1,(N(Q18)+N(R18)+N(S18)+N(T18)+N(U18)+N(V18))=3),"中","低"))) | X18: =IF(L18="中位60%",IF(W18="高",3,IF(W18="中",2,IF(W18="低",1,0)))+IF(M18="◎",1,0)+IF(N18="◎",1,0)+IF(O18="○",1,0)+IF(P18="○",1,0),"")
A19: 10300011 | B19: 株式会社 ｉ４ | C19: 法人 | D19: 3 | E19: 和田 小百合 | F19: あり | G19: B:補助簿の記帳から決算、申告、税務代理まで | H19: 1 | J19: =IF(AND(H19=1,N(I19)>0),1,0) -> 0 | K19: =IF(J19=1,SUMPRODUCT(($J$5:$J$312=1)*(N($I$5:$I$312)>N(I19)))+1,"") | L19: =IF(J19<>1,"",IF(K19<=ROUND(SUM($J$5:$J$312)*0.2,0),"上位20%",IF(K19<=ROUND(SUM($J$5:$J$312)*0.8,0),"中位60%","下位20%"))) | M19: =IF(F19="あり","◎","") -> ◎ | N19: =IF(OR(LEFT(G19,1)="A",LEFT(G19,1)="B"),"◎","") -> ◎ | W19: =IF((N(Q19)+N(R19)+N(S19)+N(T19)+N(U19)+N(V19))=0,"",IF(AND((N(Q19)+N(R19)+N(T19))>=2,(N(Q19)+N(R19)+N(S19)+N(T19)+N(U19)+N(V19))>=4),"高",IF(AND((N(Q19)+N(R19)+N(T19))>=1,(N(Q19)+N(R19)+N(S19)+N(T19)+N(U19)+N(V19))=3),"中","低"))) | X19: =IF(L19="中位60%",IF(W19="高",3,IF(W19="中",2,IF(W19="低",1,0)))+IF(M19="◎",1,0)+IF(N19="◎",1,0)+IF(O19="○",1,0)+IF(P19="○",1,0),"")
A20: 10300012 | B20: 株式会社 ＮＡＮＫＵＲＵ | C20: 法人 | D20: 3 | E20: 福田 純夫 | F20: なし | G20: B:補助簿の記帳から決算、申告、税務代理まで | H20: 1 | J20: =IF(AND(H20=1,N(I20)>0),1,0) -> 0 | K20: =IF(J20=1,SUMPRODUCT(($J$5:$J$312=1)*(N($I$5:$I$312)>N(I20)))+1,"") | L20: =IF(J20<>1,"",IF(K20<=ROUND(SUM($J$5:$J$312)*0.2,0),"上位20%",IF(K20<=ROUND(SUM($J$5:$J$312)*0.8,0),"中位60%","下位20%"))) | M20: =IF(F20="あり","◎","") | N20: =IF(OR(LEFT(G20,1)="A",LEFT(G20,1)="B"),"◎","") -> ◎ | W20: =IF((N(Q20)+N(R20)+N(S20)+N(T20)+N(U20)+N(V20))=0,"",IF(AND((N(Q20)+N(R20)+N(T20))>=2,(N(Q20)+N(R20)+N(S20)+N(T20)+N(U20)+N(V20))>=4),"高",IF(AND((N(Q20)+N(R20)+N(T20))>=1,(N(Q20)+N(R20)+N(S20)+N(T20)+N(U20)+N(V20))=3),"中","低"))) | X20: =IF(L20="中位60%",IF(W20="高",3,IF(W20="中",2,IF(W20="低",1,0)))+IF(M20="◎",1,0)+IF(N20="◎",1,0)+IF(O20="○",1,0)+IF(P20="○",1,0),"")
A21: 10300013 | B21: 株式会社 カネジン | C21: 法人 | D21: 3 | E21: 柳 陽平 | F21: あり | G21: D:決算書の作成から申告、税務代理まで | H21: 1 | J21: =IF(AND(H21=1,N(I21)>0),1,0) -> 0 | K21: =IF(J21=1,SUMPRODUCT(($J$5:$J$312=1)*(N($I$5:$I$312)>N(I21)))+1,"") | L21: =IF(J21<>1,"",IF(K21<=ROUND(SUM($J$5:$J$312)*0.2,0),"上位20%",IF(K21<=ROUND(SUM($J$5:$J$312)*0.8,0),"中位60%","下位20%"))) | M21: =IF(F21="あり","◎","") -> ◎ | N21: =IF(OR(LEFT(G21,1)="A",LEFT(G21,1)="B"),"◎","") | W21: =IF((N(Q21)+N(R21)+N(S21)+N(T21)+N(U21)+N(V21))=0,"",IF(AND((N(Q21)+N(R21)+N(T21))>=2,(N(Q21)+N(R21)+N(S21)+N(T21)+N(U21)+N(V21))>=4),"高",IF(AND((N(Q21)+N(R21)+N(T21))>=1,(N(Q21)+N(R21)+N(S21)+N(T21)+N(U21)+N(V21))=3),"中","低"))) | X21: =IF(L21="中位60%",IF(W21="高",3,IF(W21="中",2,IF(W21="低",1,0)))+IF(M21="◎",1,0)+IF(N21="◎",1,0)+IF(O21="○",1,0)+IF(P21="○",1,0),"")
A22: 10300014 | B22: 株式会社 コメヤ商店 | C22: 法人 | D22: 3 | E22: 松崎 恵 | F22: あり | G22: D:決算書の作成から申告、税務代理まで | H22: 1 | J22: =IF(AND(H22=1,N(I22)>0),1,0) -> 0 | K22: =IF(J22=1,SUMPRODUCT(($J$5:$J$312=1)*(N($I$5:$I$312)>N(I22)))+1,"") | L22: =IF(J22<>1,"",IF(K22<=ROUND(SUM($J$5:$J$312)*0.2,0),"上位20%",IF(K22<=ROUND(SUM($J$5:$J$312)*0.8,0),"中位60%","下位20%"))) | M22: =IF(F22="あり","◎","") -> ◎ | N22: =IF(OR(LEFT(G22,1)="A",LEFT(G22,1)="B"),"◎","") | W22: =IF((N(Q22)+N(R22)+N(S22)+N(T22)+N(U22)+N(V22))=0,"",IF(AND((N(Q22)+N(R22)+N(T22))>=2,(N(Q22)+N(R22)+N(S22)+N(T22)+N(U22)+N(V22))>=4),"高",IF(AND((N(Q22)+N(R22)+N(T22))>=1,(N(Q22)+N(R22)+N(S22)+N(T22)+N(U22)+N(V22))=3),"中","低"))) | X22: =IF(L22="中位60%",IF(W22="高",3,IF(W22="中",2,IF(W22="低",1,0)))+IF(M22="◎",1,0)+IF(N22="◎",1,0)+IF(O22="○",1,0)+IF(P22="○",1,0),"")
A23: 10300015 | B23: 株式会社 ワコー住建 | C23: 法人 | D23: 3 | E23: 柳 陽平 | F23: あり | G23: D:決算書の作成から申告、税務代理まで | H23: 1 | J23: =IF(AND(H23=1,N(I23)>0),1,0) -> 0 | K23: =IF(J23=1,SUMPRODUCT(($J$5:$J$312=1)*(N($I$5:$I$312)>N(I23)))+1,"") | L23: =IF(J23<>1,"",IF(K23<=ROUND(SUM($J$5:$J$312)*0.2,0),"上位20%",IF(K23<=ROUND(SUM($J$5:$J$312)*0.8,0),"中位60%","下位20%"))) | M23: =IF(F23="あり","◎","") -> ◎ | N23: =IF(OR(LEFT(G23,1)="A",LEFT(G23,1)="B"),"◎","") | W23: =IF((N(Q23)+N(R23)+N(S23)+N(T23)+N(U23)+N(V23))=0,"",IF(AND((N(Q23)+N(R23)+N(T23))>=2,(N(Q23)+N(R23)+N(S23)+N(T23)+N(U23)+N(V23))>=4),"高",IF(AND((N(Q23)+N(R23)+N(T23))>=1,(N(Q23)+N(R23)+N(S23)+N(T23)+N(U23)+N(V23))=3),"中","低"))) | X23: =IF(L23="中位60%",IF(W23="高",3,IF(W23="中",2,IF(W23="低",1,0)))+IF(M23="◎",1,0)+IF(N23="◎",1,0)+IF(O23="○",1,0)+IF(P23="○",1,0),"")
A24: 10300017 | B24: 株式会社 Ｇｒｅｅｎ Ｃａｍｐ | C24: 法人 | D24: 3 | E24: 松崎 恵 | F24: あり | G24: C:総勘定元帳の記帳から決算、申告、税務代理まで | H24: 1 | J24: =IF(AND(H24=1,N(I24)>0),1,0) -> 0 | K24: =IF(J24=1,SUMPRODUCT(($J$5:$J$312=1)*(N($I$5:$I$312)>N(I24)))+1,"") | L24: =IF(J24<>1,"",IF(K24<=ROUND(SUM($J$5:$J$312)*0.2,0),"上位20%",IF(K24<=ROUND(SUM($J$5:$J$312)*0.8,0),"中位60%","下位20%"))) | M24: =IF(F24="あり","◎","") -> ◎ | N24: =IF(OR(LEFT(G24,1)="A",LEFT(G24,1)="B"),"◎","") | W24: =IF((N(Q24)+N(R24)+N(S24)+N(T24)+N(U24)+N(V24))=0,"",IF(AND((N(Q24)+N(R24)+N(T24))>=2,(N(Q24)+N(R24)+N(S24)+N(T24)+N(U24)+N(V24))>=4),"高",IF(AND((N(Q24)+N(R24)+N(T24))>=1,(N(Q24)+N(R24)+N(S24)+N(T24)+N(U24)+N(V24))=3),"中","低"))) | X24: =IF(L24="中位60%",IF(W24="高",3,IF(W24="中",2,IF(W24="低",1,0)))+IF(M24="◎",1,0)+IF(N24="◎",1,0)+IF(O24="○",1,0)+IF(P24="○",1,0),"")
A25: 10300018 | B25: 協同組合 川内ガス供給センター | C25: 法人 | D25: 3 | E25: 福田 秀幸 | F25: なし | G25: D:決算書の作成から申告、税務代理まで | H25: 1 | J25: =IF(AND(H25=1,N(I25)>0),1,0) -> 0 | K25: =IF(J25=1,SUMPRODUCT(($J$5:$J$312=1)*(N($I$5:$I$312)>N(I25)))+1,"") | L25: =IF(J25<>1,"",IF(K25<=ROUND(SUM($J$5:$J$312)*0.2,0),"上位20%",IF(K25<=ROUND(SUM($J$5:$J$312)*0.8,0),"中位60%","下位20%"))) | M25: =IF(F25="あり","◎","") | N25: =IF(OR(LEFT(G25,1)="A",LEFT(G25,1)="B"),"◎","") | W25: =IF((N(Q25)+N(R25)+N(S25)+N(T25)+N(U25)+N(V25))=0,"",IF(AND((N(Q25)+N(R25)+N(T25))>=2,(N(Q25)+N(R25)+N(S25)+N(T25)+N(U25)+N(V25))>=4),"高",IF(AND((N(Q25)+N(R25)+N(T25))>=1,(N(Q25)+N(R25)+N(S25)+N(T25)+N(U25)+N(V25))=3),"中","低"))) | X25: =IF(L25="中位60%",IF(W25="高",3,IF(W25="中",2,IF(W25="低",1,0)))+IF(M25="◎",1,0)+IF(N25="◎",1,0)+IF(O25="○",1,0)+IF(P25="○",1,0),"")
A26: 10300019 | B26: 社会福祉法人 有為会 | C26: 法人 | D26: 3 | E26: 福田 秀幸 | F26: なし | G26: D:決算書の作成から申告、税務代理まで | H26: 1 | J26: =IF(AND(H26=1,N(I26)>0),1,0) -> 0 | K26: =IF(J26=1,SUMPRODUCT(($J$5:$J$312=1)*(N($I$5:$I$312)>N(I26)))+1,"") | L26: =IF(J26<>1,"",IF(K26<=ROUND(SUM($J$5:$J$312)*0.2,0),"上位20%",IF(K26<=ROUND(SUM($J$5:$J$312)*0.8,0),"中位60%","下位20%"))) | M26: =IF(F26="あり","◎","") | N26: =IF(OR(LEFT(G26,1)="A",LEFT(G26,1)="B"),"◎","") | W26: =IF((N(Q26)+N(R26)+N(S26)+N(T26)+N(U26)+N(V26))=0,"",IF(AND((N(Q26)+N(R26)+N(T26))>=2,(N(Q26)+N(R26)+N(S26)+N(T26)+N(U26)+N(V26))>=4),"高",IF(AND((N(Q26)+N(R26)+N(T26))>=1,(N(Q26)+N(R26)+N(S26)+N(T26)+N(U26)+N(V26))=3),"中","低"))) | X26: =IF(L26="中位60%",IF(W26="高",3,IF(W26="中",2,IF(W26="低",1,0)))+IF(M26="◎",1,0)+IF(N26="◎",1,0)+IF(O26="○",1,0)+IF(P26="○",1,0),"")
... A31: 10300028 | B31: 地域計画 株式会社 | C31: 法人 | D31: 9 | E31: 松崎 恵 | F31: なし | G31: B:補助簿の記帳から決算、申告、税務代理まで | H31: 1 | J31: =IF(AND(H31=1,N(I31)>0),1,0) -> 0 | K31: =IF(J31=1,SUMPRODUCT(($J$5:$J$312=1)*(N($I$5:$I$312)>N(I31)))+1,"") | L31: =IF(J31<>1,"",IF(K31<=ROUND(SUM($J$5:$J$312)*0.2,0),"上位20%",IF(K31<=ROUND(SUM($J$5:$J$312)*0.8,0),"中位60%","下位20%"))) | M31: =IF(F31="あり","◎","") | N31: =IF(OR(LEFT(G31,1)="A",LEFT(G31,1)="B"),"◎","") -> ◎ | W31: =IF((N(Q31)+N(R31)+N(S31)+N(T31)+N(U31)+N(V31))=0,"",IF(AND((N(Q31)+N(R31)+N(T31))>=2,(N(Q31)+N(R31)+N(S31)+N(T31)+N(U31)+N(V31))>=4),"高",IF(AND((N(Q31)+N(R31)+N(T31))>=1,(N(Q31)+N(R31)+N(S31)+N(T31)+N(U31)+N(V31))=3),"中","低"))) | X31: =IF(L31="中位60%",IF(W31="高",3,IF(W31="中",2,IF(W31="低",1,0)))+IF(M31="◎",1,0)+IF(N31="◎",1,0)+IF(O31="○",1,0)+IF(P31="○",1,0),"")
A32: 10300030 | B32: 株式会社 服飾工房絲 | C32: 法人 | D32: 3 | E32: 越沼 浩美 | F32: あり | H32: 1 | J32: =IF(AND(H32=1,N(I32)>0),1,0) -> 0 | K32: =IF(J32=1,SUMPRODUCT(($J$5:$J$312=1)*(N($I$5:$I$312)>N(I32)))+1,"") | L32: =IF(J32<>1,"",IF(K32<=ROUND(SUM($J$5:$J$312)*0.2,0),"上位20%",IF(K32<=ROUND(SUM($J$5:$J$312)*0.8,0),"中位60%","下位20%"))) | M32: =IF(F32="あり","◎","") -> ◎ | N32: =IF(OR(LEFT(G32,1)="A",LEFT(G32,1)="B"),"◎","") | W32: =IF((N(Q32)+N(R32)+N(S32)+N(T32)+N(U32)+N(V32))=0,"",IF(AND((N(Q32)+N(R32)+N(T32))>=2,(N(Q32)+N(R32)+N(S32)+N(T32)+N(U32)+N(V32))>=4),"高",IF(AND((N(Q32)+N(R32)+N(T32))>=1,(N(Q32)+N(R32)+N(S32)+N(T32)+N(U32)+N(V32))=3),"中","低"))) | X32: =IF(L32="中位60%",IF(W32="高",3,IF(W32="中",2,IF(W32="低",1,0)))+IF(M32="◎",1,0)+IF(N32="◎",1,0)+IF(O32="○",1,0)+IF(P32="○",1,0),"")
A33: 10300031 | B33: Ｌｉｋｅ Ｄｍ 株式会社 | C33: 法人 | D33: 3 | E33: 田村 未帆 | F33: あり | G33: C:総勘定元帳の記帳から決算、申告、税務代理まで | H33: 1 | J33: =IF(AND(H33=1,N(I33)>0),1,0) -> 0 | K33: =IF(J33=1,SUMPRODUCT(($J$5:$J$312=1)*(N($I$5:$I$312)>N(I33)))+1,"") | L33: =IF(J33<>1,"",IF(K33<=ROUND(SUM($J$5:$J$312)*0.2,0),"上位20%",IF(K33<=ROUND(SUM($J$5:$J$312)*0.8,0),"中位60%","下位20%"))) | M33: =IF(F33="あり","◎","") -> ◎ | N33: =IF(OR(LEFT(G33,1)="A",LEFT(G33,1)="B"),"◎","") | W33: =IF((N(Q33)+N(R33)+N(S33)+N(T33)+N(U33)+N(V33))=0,"",IF(AND((N(Q33)+N(R33)+N(T33))>=2,(N(Q33)+N(R33)+N(S33)+N(T33)+N(U33)+N(V33))>=4),"高",IF(AND((N(Q33)+N(R33)+N(T33))>=1,(N(Q33)+N(R33)+N(S33)+N(T33)+N(U33)+N(V33))=3),"中","低"))) | X33: =IF(L33="中位60%",IF(W33="高",3,IF(W33="中",2,IF(W33="低",1,0)))+IF(M33="◎",1,0)+IF(N33="◎",1,0)+IF(O33="○",1,0)+IF(P33="○",1,0),"")
A34: 10300032 | B34: 株式会社 恭 | C34: 法人 | D34: 3 | E34: 松崎 恵 | F34: あり | G34: A:伝票作成から決算、申告、税務代理まで | H34: 1 | J34: =IF(AND(H34=1,N(I34)>0),1,0) -> 0 | K34: =IF(J34=1,SUMPRODUCT(($J$5:$J$312=1)*(N($I$5:$I$312)>N(I34)))+1,"") | L34: =IF(J34<>1,"",IF(K34<=ROUND(SUM($J$5:$J$312)*0.2,0),"上位20%",IF(K34<=ROUND(SUM($J$5:$J$312)*0.8,0),"中位60%","下位20%"))) | M34: =IF(F34="あり","◎","") -> ◎ | N34: =IF(OR(LEFT(G34,1)="A",LEFT(G34,1)="B"),"◎","") -> ◎ | W34: =IF((N(Q34)+N(R34)+N(S34)+N(T34)+N(U34)+N(V34))=0,"",IF(AND((N(Q34)+N(R34)+N(T34))>=2,(N(Q34)+N(R34)+N(S34)+N(T34)+N(U34)+N(V34))>=4),"高",IF(AND((N(Q34)+N(R34)+N(T34))>=1,(N(Q34)+N(R34)+N(S34)+N(T34)+N(U34)+N(V34))=3),"中","低"))) | X34: =IF(L34="中位60%",IF(W34="高",3,IF(W34="中",2,IF(W34="低",1,0)))+IF(M34="◎",1,0)+IF(N34="◎",1,0)+IF(O34="○",1,0)+IF(P34="○",1,0),"")
A35: 10300037 | B35: 一般社団法人 ＭｉＬＫＹ ＷＡＹ | C35: 法人 | D35: 3 | E35: 和田 小百合 | F35: あり | H35: 1 | J35: =IF(AND(H35=1,N(I35)>0),1,0) -> 0 | K35: =IF(J35=1,SUMPRODUCT(($J$5:$J$312=1)*(N($I$5:$I$312)>N(I35)))+1,"") | L35: =IF(J35<>1,"",IF(K35<=ROUND(SUM($J$5:$J$312)*0.2,0),"上位20%",IF(K35<=ROUND(SUM($J$5:$J$312)*0.8,0),"中位60%","下位20%"))) | M35: =IF(F35="あり","◎","") -> ◎ | N35: =IF(OR(LEFT(G35,1)="A",LEFT(G35,1)="B"),"◎","") | W35: =IF((N(Q35)+N(R35)+N(S35)+N(T35)+N(U35)+N(V35))=0,"",IF(AND((N(Q35)+N(R35)+N(T35))>=2,(N(Q35)+N(R35)+N(S35)+N(T35)+N(U35)+N(V35))>=4),"高",IF(AND((N(Q35)+N(R35)+N(T35))>=1,(N(Q35)+N(R35)+N(S35)+N(T35)+N(U35)+N(V35))=3),"中","低"))) | X35: =IF(L35="中位60%",IF(W35="高",3,IF(W35="中",2,IF(W35="低",1,0)))+IF(M35="◎",1,0)+IF(N35="◎",1,0)+IF(O35="○",1,0)+IF(P35="○",1,0),"")
A36: 10300042 | B36: 特定非営利活動法人 ソンリッサ | C36: 法人 | D36: 3 | E36: 田村 未帆 | F36: あり | H36: 1 | J36: =IF(AND(H36=1,N(I36)>0),1,0) -> 0 | K36: =IF(J36=1,SUMPRODUCT(($J$5:$J$312=1)*(N($I$5:$I$312)>N(I36)))+1,"") | L36: =IF(J36<>1,"",IF(K36<=ROUND(SUM($J$5:$J$312)*0.2,0),"上位20%",IF(K36<=ROUND(SUM($J$5:$J$312)*0.8,0),"中位60%","下位20%"))) | M36: =IF(F36="あり","◎","") -> ◎ | N36: =IF(OR(LEFT(G36,1)="A",LEFT(G36,1)="B"),"◎","") | W36: =IF((N(Q36)+N(R36)+N(S36)+N(T36)+N(U36)+N(V36))=0,"",IF(AND((N(Q36)+N(R36)+N(T36))>=2,(N(Q36)+N(R36)+N(S36)+N(T36)+N(U36)+N(V36))>=4),"高",IF(AND((N(Q36)+N(R36)+N(T36))>=1,(N(Q36)+N(R36)+N(S36)+N(T36)+N(U36)+N(V36))=3),"中","低"))) | X36: =IF(L36="中位60%",IF(W36="高",3,IF(W36="中",2,IF(W36="低",1,0)))+IF(M36="◎",1,0)+IF(N36="◎",1,0)+IF(O36="○",1,0)+IF(P36="○",1,0),"")
A37: 10300043 | B37: 株式会社 関東贈答 | C37: 法人 | D37: 3 | E37: 福田 純夫 | F37: あり | H37: 1 | J37: =IF(AND(H37=1,N(I37)>0),1,0) -> 0 | K37: =IF(J37=1,SUMPRODUCT(($J$5:$J$312=1)*(N($I$5:$I$312)>N(I37)))+1,"") | L37: =IF(J37<>1,"",IF(K37<=ROUND(SUM($J$5:$J$312)*0.2,0),"上位20%",IF(K37<=ROUND(SUM($J$5:$J$312)*0.8,0),"中位60%","下位20%"))) | M37: =IF(F37="あり","◎","") -> ◎ | N37: =IF(OR(LEFT(G37,1)="A",LEFT(G37,1)="B"),"◎","") | W37: =IF((N(Q37)+N(R37)+N(S37)+N(T37)+N(U37)+N(V37))=0,"",IF(AND((N(Q37)+N(R37)+N(T37))>=2,(N(Q37)+N(R37)+N(S37)+N(T37)+N(U37)+N(V37))>=4),"高",IF(AND((N(Q37)+N(R37)+N(T37))>=1,(N(Q37)+N(R37)+N(S37)+N(T37)+N(U37)+N(V37))=3),"中","低"))) | X37: =IF(L37="中位60%",IF(W37="高",3,IF(W37="中",2,IF(W37="低",1,0)))+IF(M37="◎",1,0)+IF(N37="◎",1,0)+IF(O37="○",1,0)+IF(P37="○",1,0),"")
A38: 10300045 | B38: サーテック 合同会社 | C38: 法人 | D38: 3 | E38: 和田 小百合 | F38: あり | H38: 1 | J38: =IF(AND(H38=1,N(I38)>0),1,0) -> 0 | K38: =IF(J38=1,SUMPRODUCT(($J$5:$J$312=1)*(N($I$5:$I$312)>N(I38)))+1,"") | L38: =IF(J38<>1,"",IF(K38<=ROUND(SUM($J$5:$J$312)*0.2,0),"上位20%",IF(K38<=ROUND(SUM($J$5:$J$312)*0.8,0),"中位60%","下位20%"))) | M38: =IF(F38="あり","◎","") -> ◎ | N38: =IF(OR(LEFT(G38,1)="A",LEFT(G38,1)="B"),"◎","") | W38: =IF((N(Q38)+N(R38)+N(S38)+N(T38)+N(U38)+N(V38))=0,"",IF(AND((N(Q38)+N(R38)+N(T38))>=2,(N(Q38)+N(R38)+N(S38)+N(T38)+N(U38)+N(V38))>=4),"高",IF(AND((N(Q38)+N(R38)+N(T38))>=1,(N(Q38)+N(R38)+N(S38)+N(T38)+N(U38)+N(V38))=3),"中","低"))) | X38: =IF(L38="中位60%",IF(W38="高",3,IF(W38="中",2,IF(W38="低",1,0)))+IF(M38="◎",1,0)+IF(N38="◎",1,0)+IF(O38="○",1,0)+IF(P38="○",1,0),"")
A39: 10300061 | B39: 株式会社 ＺＥＤ | C39: 法人 | D39: 3 | E39: 田村 未帆 | F39: あり | H39: 1 | J39: =IF(AND(H39=1,N(I39)>0),1,0) -> 0 | K39: =IF(J39=1,SUMPRODUCT(($J$5:$J$312=1)*(N($I$5:$I$312)>N(I39)))+1,"") | L39: =IF(J39<>1,"",IF(K39<=ROUND(SUM($J$5:$J$312)*0.2,0),"上位20%",IF(K39<=ROUND(SUM($J$5:$J$312)*0.8,0),"中位60%","下位20%"))) | M39: =IF(F39="あり","◎","") -> ◎ | N39: =IF(OR(LEFT(G39,1)="A",LEFT(G39,1)="B"),"◎","") | W39: =IF((N(Q39)+N(R39)+N(S39)+N(T39)+N(U39)+N(V39))=0,"",IF(AND((N(Q39)+N(R39)+N(T39))>=2,(N(Q39)+N(R39)+N(S39)+N(T39)+N(U39)+N(V39))>=4),"高",IF(AND((N(Q39)+N(R39)+N(T39))>=1,(N(Q39)+N(R39)+N(S39)+N(T39)+N(U39)+N(V39))=3),"中","低"))) | X39: =IF(L39="中位60%",IF(W39="高",3,IF(W39="中",2,IF(W39="低",1,0)))+IF(M39="◎",1,0)+IF(N39="◎",1,0)+IF(O39="○",1,0)+IF(P39="○",1,0),"")
A40: 10400002 | B40: スナガロジスティクス 企業組合 | C40: 法人 | D40: 4 | E40: 福田 秀幸 | F40: なし | G40: D:決算書の作成から申告、税務代理まで | H40: 1 | J40: =IF(AND(H40=1,N(I40)>0),1,0) -> 0 | K40: =IF(J40=1,SUMPRODUCT(($J$5:$J$312=1)*(N($I$5:$I$312)>N(I40)))+1,"") | L40: =IF(J40<>1,"",IF(K40<=ROUND(SUM($J$5:$J$312)*0.2,0),"上位20%",IF(K40<=ROUND(SUM($J$5:$J$312)*0.8,0),"中位60%","下位20%"))) | M40: =IF(F40="あり","◎","") | N40: =IF(OR(LEFT(G40,1)="A",LEFT(G40,1)="B"),"◎","") | W40: =IF((N(Q40)+N(R40)+N(S40)+N(T40)+N(U40)+N(V40))=0,"",IF(AND((N(Q40)+N(R40)+N(T40))>=2,(N(Q40)+N(R40)+N(S40)+N(T40)+N(U40)+N(V40))>=4),"高",IF(AND((N(Q40)+N(R40)+N(T40))>=1,(N(Q40)+N(R40)+N(S40)+N(T40)+N(U40)+N(V40))=3),"中","低"))) | X40: =IF(L40="中位60%",IF(W40="高",3,IF(W40="中",2,IF(W40="低",1,0)))+IF(M40="◎",1,0)+IF(N40="◎",1,0)+IF(O40="○",1,0)+IF(P40="○",1,0),"")
A41: 10400003 | B41: 株式会社 スナガビジネスソリューション | C41: 法人 | D41: 4 | E41: 福田 秀幸 | F41: なし | G41: C:総勘定元帳の記帳から決算、申告、税務代理まで | H41: 1 | J41: =IF(AND(H41=1,N(I41)>0),1,0) -> 0 | K41: =IF(J41=1,SUMPRODUCT(($J$5:$J$312=1)*(N($I$5:$I$312)>N(I41)))+1,"") | L41: =IF(J41<>1,"",IF(K41<=ROUND(SUM($J$5:$J$312)*0.2,0),"上位20%",IF(K41<=ROUND(SUM($J$5:$J$312)*0.8,0),"中位60%","下位20%"))) | M41: =IF(F41="あり","◎","") | N41: =IF(OR(LEFT(G41,1)="A",LEFT(G41,1)="B"),"◎","") | W41: =IF((N(Q41)+N(R41)+N(S41)+N(T41)+N(U41)+N(V41))=0,"",IF(AND((N(Q41)+N(R41)+N(T41))>=2,(N(Q41)+N(R41)+N(S41)+N(T41)+N(U41)+N(V41))>=4),"高",IF(AND((N(Q41)+N(R41)+N(T41))>=1,(N(Q41)+N(R41)+N(S41)+N(T41)+N(U41)+N(V41))=3),"中","低"))) | X41: =IF(L41="中位60%",IF(W41="高",3,IF(W41="中",2,IF(W41="低",1,0)))+IF(M41="◎",1,0)+IF(N41="◎",1,0)+IF(O41="○",1,0)+IF(P41="○",1,0),"")
A42: 10400004 | B42: 栄晃ビルサービス 有限会社 | C42: 法人 | D42: 4 | E42: 福田 純夫 | F42: あり | G42: B:補助簿の記帳から決算、申告、税務代理まで | H42: 1 | J42: =IF(AND(H42=1,N(I42)>0),1,0) -> 0 | K42: =IF(J42=1,SUMPRODUCT(($J$5:$J$312=1)*(N($I$5:$I$312)>N(I42)))+1,"") | L42: =IF(J42<>1,"",IF(K42<=ROUND(SUM($J$5:$J$312)*0.2,0),"上位20%",IF(K42<=ROUND(SUM($J$5:$J$312)*0.8,0),"中位60%","下位20%"))) | M42: =IF(F42="あり","◎","") -> ◎ | N42: =IF(OR(LEFT(G42,1)="A",LEFT(G42,1)="B"),"◎","") -> ◎ | W42: =IF((N(Q42)+N(R42)+N(S42)+N(T42)+N(U42)+N(V42))=0,"",IF(AND((N(Q42)+N(R42)+N(T42))>=2,(N(Q42)+N(R42)+N(S42)+N(T42)+N(U42)+N(V42))>=4),"高",IF(AND((N(Q42)+N(R42)+N(T42))>=1,(N(Q42)+N(R42)+N(S42)+N(T42)+N(U42)+N(V42))=3),"中","低"))) | X42: =IF(L42="中位60%",IF(W42="高",3,IF(W42="中",2,IF(W42="低",1,0)))+IF(M42="◎",1,0)+IF(N42="◎",1,0)+IF(O42="○",1,0)+IF(P42="○",1,0),"")
A43: 10400005 | B43: 株式会社 ＴｒｕｓｔＦａｍ | C43: 法人 | D43: 4 | E43: 田村 未帆 | F43: あり | G43: D:決算書の作成から申告、税務代理まで | H43: 1 | J43: =IF(AND(H43=1,N(I43)>0),1,0) -> 0 | K43: =IF(J43=1,SUMPRODUCT(($J$5:$J$312=1)*(N($I$5:$I$312)>N(I43)))+1,"") | L43: =IF(J43<>1,"",IF(K43<=ROUND(SUM($J$5:$J$312)*0.2,0),"上位20%",IF(K43<=ROUND(SUM($J$5:$J$312)*0.8,0),"中位60%","下位20%"))) | M43: =IF(F43="あり","◎","") -> ◎ | N43: =IF(OR(LEFT(G43,1)="A",LEFT(G43,1)="B"),"◎","") | W43: =IF((N(Q43)+N(R43)+N(S43)+N(T43)+N(U43)+N(V43))=0,"",IF(AND((N(Q43)+N(R43)+N(T43))>=2,(N(Q43)+N(R43)+N(S43)+N(T43)+N(U43)+N(V43))>=4),"高",IF(AND((N(Q43)+N(R43)+N(T43))>=1,(N(Q43)+N(R43)+N(S43)+N(T43)+N(U43)+N(V43))=3),"中","低"))) | X43: =IF(L43="中位60%",IF(W43="高",3,IF(W43="中",2,IF(W43="低",1,0)))+IF(M43="◎",1,0)+IF(N43="◎",1,0)+IF(O43="○",1,0)+IF(P43="○",1,0),"")
A44: 10400006 | B44: 株式会社 ガスビック | C44: 法人 | D44: 4 | E44: 福田 秀幸 | F44: なし | G44: C:総勘定元帳の記帳から決算、申告、税務代理まで | H44: 1 | J44: =IF(AND(H44=1,N(I44)>0),1,0) -> 0 | K44: =IF(J44=1,SUMPRODUCT(($J$5:$J$312=1)*(N($I$5:$I$312)>N(I44)))+1,"") | L44: =IF(J44<>1,"",IF(K44<=ROUND(SUM($J$5:$J$312)*0.2,0),"上位20%",IF(K44<=ROUND(SUM($J$5:$J$312)*0.8,0),"中位60%","下位20%"))) | M44: =IF(F44="あり","◎","") | N44: =IF(OR(LEFT(G44,1)="A",LEFT(G44,1)="B"),"◎","") | W44: =IF((N(Q44)+N(R44)+N(S44)+N(T44)+N(U44)+N(V44))=0,"",IF(AND((N(Q44)+N(R44)+N(T44))>=2,(N(Q44)+N(R44)+N(S44)+N(T44)+N(U44)+N(V44))>=4),"高",IF(AND((N(Q44)+N(R44)+N(T44))>=1,(N(Q44)+N(R44)+N(S44)+N(T44)+N(U44)+N(V44))=3),"中","低"))) | X44: =IF(L44="中位60%",IF(W44="高",3,IF(W44="中",2,IF(W44="低",1,0)))+IF(M44="◎",1,0)+IF(N44="◎",1,0)+IF(O44="○",1,0)+IF(P44="○",1,0),"")
A45: 10400007 | B45: 株式会社 スナガ | C45: 法人 | D45: 4 | E45: 福田 秀幸 | F45: なし | G45: A:伝票作成から決算、申告、税務代理まで | H45: 1 | J45: =IF(AND(H45=1,N(I45)>0),1,0) -> 0 | K45: =IF(J45=1,SUMPRODUCT(($J$5:$J$312=1)*(N($I$5:$I$312)>N(I45)))+1,"") | L45: =IF(J45<>1,"",IF(K45<=ROUND(SUM($J$5:$J$312)*0.2,0),"上位20%",IF(K45<=ROUND(SUM($J$5:$J$312)*0.8,0),"中位60%","下位20%"))) | M45: =IF(F45="あり","◎","") | N45: =IF(OR(LEFT(G45,1)="A",LEFT(G45,1)="B"),"◎","") -> ◎ | W45: =IF((N(Q45)+N(R45)+N(S45)+N(T45)+N(U45)+N(V45))=0,"",IF(AND((N(Q45)+N(R45)+N(T45))>=2,(N(Q45)+N(R45)+N(S45)+N(T45)+N(U45)+N(V45))>=4),"高",IF(AND((N(Q45)+N(R45)+N(T45))>=1,(N(Q45)+N(R45)+N(S45)+N(T45)+N(U45)+N(V45))=3),"中","低"))) | X45: =IF(L45="中位60%",IF(W45="高",3,IF(W45="中",2,IF(W45="低",1,0)))+IF(M45="◎",1,0)+IF(N45="◎",1,0)+IF(O45="○",1,0)+IF(P45="○",1,0),"")
A46: 10400008 | B46: 株式会社 トップ・クリエイト | C46: 法人 | D46: 4 | E46: 田村 未帆 | F46: あり | G46: C:総勘定元帳の記帳から決算、申告、税務代理まで | H46: 1 | J46: =IF(AND(H46=1,N(I46)>0),1,0) -> 0 | K46: =IF(J46=1,SUMPRODUCT(($J$5:$J$312=1)*(N($I$5:$I$312)>N(I46)))+1,"") | L46: =IF(J46<>1,"",IF(K46<=ROUND(SUM($J$5:$J$312)*0.2,0),"上位20%",IF(K46<=ROUND(SUM($J$5:$J$312)*0.8,0),"中位60%","下位20%"))) | M46: =IF(F46="あり","◎","") -> ◎ | N46: =IF(OR(LEFT(G46,1)="A",LEFT(G46,1)="B"),"◎","") | W46: =IF((N(Q46)+N(R46)+N(S46)+N(T46)+N(U46)+N(V46))=0,"",IF(AND((N(Q46)+N(R46)+N(T46))>=2,(N(Q46)+N(R46)+N(S46)+N(T46)+N(U46)+N(V46))>=4),"高",IF(AND((N(Q46)+N(R46)+N(T46))>=1,(N(Q46)+N(R46)+N(S46)+N(T46)+N(U46)+N(V46))=3),"中","低"))) | X46: =IF(L46="中位60%",IF(W46="高",3,IF(W46="中",2,IF(W46="低",1,0)))+IF(M46="◎",1,0)+IF(N46="◎",1,0)+IF(O46="○",1,0)+IF(P46="○",1,0),"")
A47: 10400009 | B47: 株式会社 ブリスオーディオ | C47: 法人 | D47: 4 | E47: 福田 秀幸 | F47: あり | G47: C:総勘定元帳の記帳から決算、申告、税務代理まで | H47: 1 | J47: =IF(AND(H47=1,N(I47)>0),1,0) -> 0 | K47: =IF(J47=1,SUMPRODUCT(($J$5:$J$312=1)*(N($I$5:$I$312)>N(I47)))+1,"") | L47: =IF(J47<>1,"",IF(K47<=ROUND(SUM($J$5:$J$312)*0.2,0),"上位20%",IF(K47<=ROUND(SUM($J$5:$J$312)*0.8,0),"中位60%","下位20%"))) | M47: =IF(F47="あり","◎","") -> ◎ | N47: =IF(OR(LEFT(G47,1)="A",LEFT(G47,1)="B"),"◎","") | W47: =IF((N(Q47)+N(R47)+N(S47)+N(T47)+N(U47)+N(V47))=0,"",IF(AND((N(Q47)+N(R47)+N(T47))>=2,(N(Q47)+N(R47)+N(S47)+N(T47)+N(U47)+N(V47))>=4),"高",IF(AND((N(Q47)+N(R47)+N(T47))>=1,(N(Q47)+N(R47)+N(S47)+N(T47)+N(U47)+N(V47))=3),"中","低"))) | X47: =IF(L47="中位60%",IF(W47="高",3,IF(W47="中",2,IF(W47="低",1,0)))+IF(M47="◎",1,0)+IF(N47="◎",1,0)+IF(O47="○",1,0)+IF(P47="○",1,0),"")
A48: 10400010 | B48: 株式会社 田尻 | C48: 法人 | D48: 4 | E48: 柳 陽平 | F48: なし | G48: A:伝票作成から決算、申告、税務代理まで | H48: 1 | J48: =IF(AND(H48=1,N(I48)>0),1,0) -> 0 | K48: =IF(J48=1,SUMPRODUCT(($J$5:$J$312=1)*(N($I$5:$I$312)>N(I48)))+1,"") | L48: =IF(J48<>1,"",IF(K48<=ROUND(SUM($J$5:$J$312)*0.2,0),"上位20%",IF(K48<=ROUND(SUM($J$5:$J$312)*0.8,0),"中位60%","下位20%"))) | M48: =IF(F48="あり","◎","") | N48: =IF(OR(LEFT(G48,1)="A",LEFT(G48,1)="B"),"◎","") -> ◎ | W48: =IF((N(Q48)+N(R48)+N(S48)+N(T48)+N(U48)+N(V48))=0,"",IF(AND((N(Q48)+N(R48)+N(T48))>=2,(N(Q48)+N(R48)+N(S48)+N(T48)+N(U48)+N(V48))>=4),"高",IF(AND((N(Q48)+N(R48)+N(T48))>=1,(N(Q48)+N(R48)+N(S48)+N(T48)+N(U48)+N(V48))=3),"中","低"))) | X48: =IF(L48="中位60%",IF(W48="高",3,IF(W48="中",2,IF(W48="低",1,0)))+IF(M48="◎",1,0)+IF(N48="◎",1,0)+IF(O48="○",1,0)+IF(P48="○",1,0),"")
A49: 10400011 | B49: 株式会社 リベル | C49: 法人 | D49: 4 | E49: 福田 純夫 | F49: なし | G49: C:総勘定元帳の記帳から決算、申告、税務代理まで | H49: 1 | J49: =IF(AND(H49=1,N(I49)>0),1,0) -> 0 | K49: =IF(J49=1,SUMPRODUCT(($J$5:$J$312=1)*(N($I$5:$I$312)>N(I49)))+1,"") | L49: =IF(J49<>1,"",IF(K49<=ROUND(SUM($J$5:$J$312)*0.2,0),"上位20%",IF(K49<=ROUND(SUM($J$5:$J$312)*0.8,0),"中位60%","下位20%"))) | M49: =IF(F49="あり","◎","") | N49: =IF(OR(LEFT(G49,1)="A",LEFT(G49,1)="B"),"◎","") | W49: =IF((N(Q49)+N(R49)+N(S49)+N(T49)+N(U49)+N(V49))=0,"",IF(AND((N(Q49)+N(R49)+N(T49))>=2,(N(Q49)+N(R49)+N(S49)+N(T49)+N(U49)+N(V49))>=4),"高",IF(AND((N(Q49)+N(R49)+N(T49))>=1,(N(Q49)+N(R49)+N(S49)+N(T49)+N(U49)+N(V49))=3),"中","低"))) | X49: =IF(L49="中位60%",IF(W49="高",3,IF(W49="中",2,IF(W49="低",1,0)))+IF(M49="◎",1,0)+IF(N49="◎",1,0)+IF(O49="○",1,0)+IF(P49="○",1,0),"")
A50: 10400012 | B50: 吉沢精機 有限会社 | C50: 法人 | D50: 4 | E50: 荻原 真之 | F50: あり | G50: C:総勘定元帳の記帳から決算、申告、税務代理まで | H50: 1 | J50: =IF(AND(H50=1,N(I50)>0),1,0) -> 0 | K50: =IF(J50=1,SUMPRODUCT(($J$5:$J$312=1)*(N($I$5:$I$312)>N(I50)))+1,"") | L50: =IF(J50<>1,"",IF(K50<=ROUND(SUM($J$5:$J$312)*0.2,0),"上位20%",IF(K50<=ROUND(SUM($J$5:$J$312)*0.8,0),"中位60%","下位20%"))) | M50: =IF(F50="あり","◎","") -> ◎ | N50: =IF(OR(LEFT(G50,1)="A",LEFT(G50,1)="B"),"◎","") | W50: =IF((N(Q50)+N(R50)+N(S50)+N(T50)+N(U50)+N(V50))=0,"",IF(AND((N(Q50)+N(R50)+N(T50))>=2,(N(Q50)+N(R50)+N(S50)+N(T50)+N(U50)+N(V50))>=4),"高",IF(AND((N(Q50)+N(R50)+N(T50))>=1,(N(Q50)+N(R50)+N(S50)+N(T50)+N(U50)+N(V50))=3),"中","低"))) | X50: =IF(L50="中位60%",IF(W50="高",3,IF(W50="中",2,IF(W50="低",1,0)))+IF(M50="◎",1,0)+IF(N50="◎",1,0)+IF(O50="○",1,0)+IF(P50="○",1,0),"")
A51: 10400013 | B51: 有限会社 ガスネット | C51: 法人 | D51: 4 | E51: 柳 陽平 | F51: なし | G51: C:総勘定元帳の記帳から決算、申告、税務代理まで | H51: 1 | J51: =IF(AND(H51=1,N(I51)>0),1,0) -> 0 | K51: =IF(J51=1,SUMPRODUCT(($J$5:$J$312=1)*(N($I$5:$I$312)>N(I51)))+1,"") | L51: =IF(J51<>1,"",IF(K51<=ROUND(SUM($J$5:$J$312)*0.2,0),"上位20%",IF(K51<=ROUND(SUM($J$5:$J$312)*0.8,0),"中位60%","下位20%"))) | M51: =IF(F51="あり","◎","") | N51: =IF(OR(LEFT(G51,1)="A",LEFT(G51,1)="B"),"◎","") | W51: =IF((N(Q51)+N(R51)+N(S51)+N(T51)+N(U51)+N(V51))=0,"",IF(AND((N(Q51)+N(R51)+N(T51))>=2,(N(Q51)+N(R51)+N(S51)+N(T51)+N(U51)+N(V51))>=4),"高",IF(AND((N(Q51)+N(R51)+N(T51))>=1,(N(Q51)+N(R51)+N(S51)+N(T51)+N(U51)+N(V51))=3),"中","低"))) | X51: =IF(L51="中位60%",IF(W51="高",3,IF(W51="中",2,IF(W51="低",1,0)))+IF(M51="◎",1,0)+IF(N51="◎",1,0)+IF(O51="○",1,0)+IF(P51="○",1,0),"")
... A55: 10400018 | B55: 一般社団法人 ジョブラボぐんま | C55: 法人 | D55: 5 | E55: 荻原 真之 | F55: なし | G55: D:決算書の作成から申告、税務代理まで | H55: 1 | J55: =IF(AND(H55=1,N(I55)>0),1,0) -> 0 | K55: =IF(J55=1,SUMPRODUCT(($J$5:$J$312=1)*(N($I$5:$I$312)>N(I55)))+1,"") | L55: =IF(J55<>1,"",IF(K55<=ROUND(SUM($J$5:$J$312)*0.2,0),"上位20%",IF(K55<=ROUND(SUM($J$5:$J$312)*0.8,0),"中位60%","下位20%"))) | M55: =IF(F55="あり","◎","") | N55: =IF(OR(LEFT(G55,1)="A",LEFT(G55,1)="B"),"◎","") | W55: =IF((N(Q55)+N(R55)+N(S55)+N(T55)+N(U55)+N(V55))=0,"",IF(AND((N(Q55)+N(R55)+N(T55))>=2,(N(Q55)+N(R55)+N(S55)+N(T55)+N(U55)+N(V55))>=4),"高",IF(AND((N(Q55)+N(R55)+N(T55))>=1,(N(Q55)+N(R55)+N(S55)+N(T55)+N(U55)+N(V55))=3),"中","低"))) | X55: =IF(L55="中位60%",IF(W55="高",3,IF(W55="中",2,IF(W55="低",1,0)))+IF(M55="◎",1,0)+IF(N55="◎",1,0)+IF(O55="○",1,0)+IF(P55="○",1,0),"")
A56: 10400020 | B56: 株式会社 マネージサポート | C56: 法人 | D56: 4 | E56: 柳 陽平 | F56: あり | H56: 1 | J56: =IF(AND(H56=1,N(I56)>0),1,0) -> 0 | K56: =IF(J56=1,SUMPRODUCT(($J$5:$J$312=1)*(N($I$5:$I$312)>N(I56)))+1,"") | L56: =IF(J56<>1,"",IF(K56<=ROUND(SUM($J$5:$J$312)*0.2,0),"上位20%",IF(K56<=ROUND(SUM($J$5:$J$312)*0.8,0),"中位60%","下位20%"))) | M56: =IF(F56="あり","◎","") -> ◎ | N56: =IF(OR(LEFT(G56,1)="A",LEFT(G56,1)="B"),"◎","") | W56: =IF((N(Q56)+N(R56)+N(S56)+N(T56)+N(U56)+N(V56))=0,"",IF(AND((N(Q56)+N(R56)+N(T56))>=2,(N(Q56)+N(R56)+N(S56)+N(T56)+N(U56)+N(V56))>=4),"高",IF(AND((N(Q56)+N(R56)+N(T56))>=1,(N(Q56)+N(R56)+N(S56)+N(T56)+N(U56)+N(V56))=3),"中","低"))) | X56: =IF(L56="中位60%",IF(W56="高",3,IF(W56="中",2,IF(W56="低",1,0)))+IF(M56="◎",1,0)+IF(N56="◎",1,0)+IF(O56="○",1,0)+IF(P56="○",1,0),"")
A57: 10400021 | B57: 株式会社 きらり | C57: 法人 | D57: 4 | E57: 和田 小百合 | F57: あり | G57: A:伝票作成から決算、申告、税務代理まで | H57: 1 | J57: =IF(AND(H57=1,N(I57)>0),1,0) -> 0 | K57: =IF(J57=1,SUMPRODUCT(($J$5:$J$312=1)*(N($I$5:$I$312)>N(I57)))+1,"") | L57: =IF(J57<>1,"",IF(K57<=ROUND(SUM($J$5:$J$312)*0.2,0),"上位20%",IF(K57<=ROUND(SUM($J$5:$J$312)*0.8,0),"中位60%","下位20%"))) | M57: =IF(F57="あり","◎","") -> ◎ | N57: =IF(OR(LEFT(G57,1)="A",LEFT(G57,1)="B"),"◎","") -> ◎ | W57: =IF((N(Q57)+N(R57)+N(S57)+N(T57)+N(U57)+N(V57))=0,"",IF(AND((N(Q57)+N(R57)+N(T57))>=2,(N(Q57)+N(R57)+N(S57)+N(T57)+N(U57)+N(V57))>=4),"高",IF(AND((N(Q57)+N(R57)+N(T57))>=1,(N(Q57)+N(R57)+N(S57)+N(T57)+N(U57)+N(V57))=3),"中","低"))) | X57: =IF(L57="中位60%",IF(W57="高",3,IF(W57="中",2,IF(W57="低",1,0)))+IF(M57="◎",1,0)+IF(N57="◎",1,0)+IF(O57="○",1,0)+IF(P57="○",1,0),"")
A58: 10400022 | B58: 医療法人 前原内科医院 | C58: 法人 | D58: 4 | E58: 荻原 真之 | F58: あり | H58: 1 | J58: =IF(AND(H58=1,N(I58)>0),1,0) -> 0 | K58: =IF(J58=1,SUMPRODUCT(($J$5:$J$312=1)*(N($I$5:$I$312)>N(I58)))+1,"") | L58: =IF(J58<>1,"",IF(K58<=ROUND(SUM($J$5:$J$312)*0.2,0),"上位20%",IF(K58<=ROUND(SUM($J$5:$J$312)*0.8,0),"中位60%","下位20%"))) | M58: =IF(F58="あり","◎","") -> ◎ | N58: =IF(OR(LEFT(G58,1)="A",LEFT(G58,1)="B"),"◎","") | W58: =IF((N(Q58)+N(R58)+N(S58)+N(T58)+N(U58)+N(V58))=0,"",IF(AND((N(Q58)+N(R58)+N(T58))>=2,(N(Q58)+N(R58)+N(S58)+N(T58)+N(U58)+N(V58))>=4),"高",IF(AND((N(Q58)+N(R58)+N(T58))>=1,(N(Q58)+N(R58)+N(S58)+N(T58)+N(U58)+N(V58))=3),"中","低"))) | X58: =IF(L58="中位60%",IF(W58="高",3,IF(W58="中",2,IF(W58="低",1,0)))+IF(M58="◎",1,0)+IF(N58="◎",1,0)+IF(O58="○",1,0)+IF(P58="○",1,0),"")
A59: 10500002 | B59: エスケー・ジャパン 合同会社 | C59: 法人 | D59: 5 | E59: 福田 秀幸 | F59: なし | G59: D:決算書の作成から申告、税務代理まで | H59: 1 | J59: =IF(AND(H59=1,N(I59)>0),1,0) -> 0 | K59: =IF(J59=1,SUMPRODUCT(($J$5:$J$312=1)*(N($I$5:$I$312)>N(I59)))+1,"") | L59: =IF(J59<>1,"",IF(K59<=ROUND(SUM($J$5:$J$312)*0.2,0),"上位20%",IF(K59<=ROUND(SUM($J$5:$J$312)*0.8,0),"中位60%","下位20%"))) | M59: =IF(F59="あり","◎","") | N59: =IF(OR(LEFT(G59,1)="A",LEFT(G59,1)="B"),"◎","") | W59: =IF((N(Q59)+N(R59)+N(S59)+N(T59)+N(U59)+N(V59))=0,"",IF(AND((N(Q59)+N(R59)+N(T59))>=2,(N(Q59)+N(R59)+N(S59)+N(T59)+N(U59)+N(V59))>=4),"高",IF(AND((N(Q59)+N(R59)+N(T59))>=1,(N(Q59)+N(R59)+N(S59)+N(T59)+N(U59)+N(V59))=3),"中","低"))) | X59: =IF(L59="中位60%",IF(W59="高",3,IF(W59="中",2,IF(W59="低",1,0)))+IF(M59="◎",1,0)+IF(N59="◎",1,0)+IF(O59="○",1,0)+IF(P59="○",1,0),"")
A60: 10500005 | B60: 株式会社 カーメル・インターナショナル | C60: 法人 | D60: 5 | E60: 柳 陽平 | F60: あり | G60: D:決算書の作成から申告、税務代理まで | H60: 1 | J60: =IF(AND(H60=1,N(I60)>0),1,0) -> 0 | K60: =IF(J60=1,SUMPRODUCT(($J$5:$J$312=1)*(N($I$5:$I$312)>N(I60)))+1,"") | L60: =IF(J60<>1,"",IF(K60<=ROUND(SUM($J$5:$J$312)*0.2,0),"上位20%",IF(K60<=ROUND(SUM($J$5:$J$312)*0.8,0),"中位60%","下位20%"))) | M60: =IF(F60="あり","◎","") -> ◎ | N60: =IF(OR(LEFT(G60,1)="A",LEFT(G60,1)="B"),"◎","") | W60: =IF((N(Q60)+N(R60)+N(S60)+N(T60)+N(U60)+N(V60))=0,"",IF(AND((N(Q60)+N(R60)+N(T60))>=2,(N(Q60)+N(R60)+N(S60)+N(T60)+N(U60)+N(V60))>=4),"高",IF(AND((N(Q60)+N(R60)+N(T60))>=1,(N(Q60)+N(R60)+N(S60)+N(T60)+N(U60)+N(V60))=3),"中","低"))) | X60: =IF(L60="中位60%",IF(W60="高",3,IF(W60="中",2,IF(W60="低",1,0)))+IF(M60="◎",1,0)+IF(N60="◎",1,0)+IF(O60="○",1,0)+IF(P60="○",1,0),"")
A61: 10500007 | B61: 株式会社 ｓｏｕｔｈ設計事務所 | C61: 法人 | D61: 5 | E61: 田村 未帆 | F61: あり | G61: B:補助簿の記帳から決算、申告、税務代理まで | H61: 1 | J61: =IF(AND(H61=1,N(I61)>0),1,0) -> 0 | K61: =IF(J61=1,SUMPRODUCT(($J$5:$J$312=1)*(N($I$5:$I$312)>N(I61)))+1,"") | L61: =IF(J61<>1,"",IF(K61<=ROUND(SUM($J$5:$J$312)*0.2,0),"上位20%",IF(K61<=ROUND(SUM($J$5:$J$312)*0.8,0),"中位60%","下位20%"))) | M61: =IF(F61="あり","◎","") -> ◎ | N61: =IF(OR(LEFT(G61,1)="A",LEFT(G61,1)="B"),"◎","") -> ◎ | W61: =IF((N(Q61)+N(R61)+N(S61)+N(T61)+N(U61)+N(V61))=0,"",IF(AND((N(Q61)+N(R61)+N(T61))>=2,(N(Q61)+N(R61)+N(S61)+N(T61)+N(U61)+N(V61))>=4),"高",IF(AND((N(Q61)+N(R61)+N(T61))>=1,(N(Q61)+N(R61)+N(S61)+N(T61)+N(U61)+N(V61))=3),"中","低"))) | X61: =IF(L61="中位60%",IF(W61="高",3,IF(W61="中",2,IF(W61="低",1,0)))+IF(M61="◎",1,0)+IF(N61="◎",1,0)+IF(O61="○",1,0)+IF(P61="○",1,0),"")
A62: 10500008 | B62: 株式会社 ｄｉｖｋａ | C62: 法人 | D62: 5 | E62: 和田 小百合 | F62: あり | G62: B:補助簿の記帳から決算、申告、税務代理まで | H62: 1 | J62: =IF(AND(H62=1,N(I62)>0),1,0) -> 0 | K62: =IF(J62=1,SUMPRODUCT(($J$5:$J$312=1)*(N($I$5:$I$312)>N(I62)))+1,"") | L62: =IF(J62<>1,"",IF(K62<=ROUND(SUM($J$5:$J$312)*0.2,0),"上位20%",IF(K62<=ROUND(SUM($J$5:$J$312)*0.8,0),"中位60%","下位20%"))) | M62: =IF(F62="あり","◎","") -> ◎ | N62: =IF(OR(LEFT(G62,1)="A",LEFT(G62,1)="B"),"◎","") -> ◎ | W62: =IF((N(Q62)+N(R62)+N(S62)+N(T62)+N(U62)+N(V62))=0,"",IF(AND((N(Q62)+N(R62)+N(T62))>=2,(N(Q62)+N(R62)+N(S62)+N(T62)+N(U62)+N(V62))>=4),"高",IF(AND((N(Q62)+N(R62)+N(T62))>=1,(N(Q62)+N(R62)+N(S62)+N(T62)+N(U62)+N(V62))=3),"中","低"))) | X62: =IF(L62="中位60%",IF(W62="高",3,IF(W62="中",2,IF(W62="低",1,0)))+IF(M62="◎",1,0)+IF(N62="◎",1,0)+IF(O62="○",1,0)+IF(P62="○",1,0),"")
A63: 10500014 | B63: 北栄 株式会社 | C63: 法人 | D63: 5 | E63: 福田 純夫 | F63: なし | G63: D:決算書の作成から申告、税務代理まで | H63: 1 | J63: =IF(AND(H63=1,N(I63)>0),1,0) -> 0 | K63: =IF(J63=1,SUMPRODUCT(($J$5:$J$312=1)*(N($I$5:$I$312)>N(I63)))+1,"") | L63: =IF(J63<>1,"",IF(K63<=ROUND(SUM($J$5:$J$312)*0.2,0),"上位20%",IF(K63<=ROUND(SUM($J$5:$J$312)*0.8,0),"中位60%","下位20%"))) | M63: =IF(F63="あり","◎","") | N63: =IF(OR(LEFT(G63,1)="A",LEFT(G63,1)="B"),"◎","") | W63: =IF((N(Q63)+N(R63)+N(S63)+N(T63)+N(U63)+N(V63))=0,"",IF(AND((N(Q63)+N(R63)+N(T63))>=2,(N(Q63)+N(R63)+N(S63)+N(T63)+N(U63)+N(V63))>=4),"高",IF(AND((N(Q63)+N(R63)+N(T63))>=1,(N(Q63)+N(R63)+N(S63)+N(T63)+N(U63)+N(V63))=3),"中","低"))) | X63: =IF(L63="中位60%",IF(W63="高",3,IF(W63="中",2,IF(W63="低",1,0)))+IF(M63="◎",1,0)+IF(N63="◎",1,0)+IF(O63="○",1,0)+IF(P63="○",1,0),"")
A64: 10500015 | B64: 有限会社 イイヅカ洋品店 | C64: 法人 | D64: 5 | E64: 松崎 恵 | F64: あり | G64: C:総勘定元帳の記帳から決算、申告、税務代理まで | H64: 1 | J64: =IF(AND(H64=1,N(I64)>0),1,0) -> 0 | K64: =IF(J64=1,SUMPRODUCT(($J$5:$J$312=1)*(N($I$5:$I$312)>N(I64)))+1,"") | L64: =IF(J64<>1,"",IF(K64<=ROUND(SUM($J$5:$J$312)*0.2,0),"上位20%",IF(K64<=ROUND(SUM($J$5:$J$312)*0.8,0),"中位60%","下位20%"))) | M64: =IF(F64="あり","◎","") -> ◎ | N64: =IF(OR(LEFT(G64,1)="A",LEFT(G64,1)="B"),"◎","") | W64: =IF((N(Q64)+N(R64)+N(S64)+N(T64)+N(U64)+N(V64))=0,"",IF(AND((N(Q64)+N(R64)+N(T64))>=2,(N(Q64)+N(R64)+N(S64)+N(T64)+N(U64)+N(V64))>=4),"高",IF(AND((N(Q64)+N(R64)+N(T64))>=1,(N(Q64)+N(R64)+N(S64)+N(T64)+N(U64)+N(V64))=3),"中","低"))) | X64: =IF(L64="中位60%",IF(W64="高",3,IF(W64="中",2,IF(W64="低",1,0)))+IF(M64="◎",1,0)+IF(N64="◎",1,0)+IF(O64="○",1,0)+IF(P64="○",1,0),"")
A65: 10500016 | B65: 有限会社 尾澤商事 | C65: 法人 | D65: 5 | E65: 越沼 浩美 | F65: あり | G65: C:総勘定元帳の記帳から決算、申告、税務代理まで | H65: 1 | J65: =IF(AND(H65=1,N(I65)>0),1,0) -> 0 | K65: =IF(J65=1,SUMPRODUCT(($J$5:$J$312=1)*(N($I$5:$I$312)>N(I65)))+1,"") | L65: =IF(J65<>1,"",IF(K65<=ROUND(SUM($J$5:$J$312)*0.2,0),"上位20%",IF(K65<=ROUND(SUM($J$5:$J$312)*0.8,0),"中位60%","下位20%"))) | M65: =IF(F65="あり","◎","") -> ◎ | N65: =IF(OR(LEFT(G65,1)="A",LEFT(G65,1)="B"),"◎","") | W65: =IF((N(Q65)+N(R65)+N(S65)+N(T65)+N(U65)+N(V65))=0,"",IF(AND((N(Q65)+N(R65)+N(T65))>=2,(N(Q65)+N(R65)+N(S65)+N(T65)+N(U65)+N(V65))>=4),"高",IF(AND((N(Q65)+N(R65)+N(T65))>=1,(N(Q65)+N(R65)+N(S65)+N(T65)+N(U65)+N(V65))=3),"中","低"))) | X65: =IF(L65="中位60%",IF(W65="高",3,IF(W65="中",2,IF(W65="低",1,0)))+IF(M65="◎",1,0)+IF(N65="◎",1,0)+IF(O65="○",1,0)+IF(P65="○",1,0),"")
A66: 10500017 | B66: 株式会社 ナックビジョン | C66: 法人 | D66: 5 | E66: 荻原 真之 | F66: あり | H66: 1 | J66: =IF(AND(H66=1,N(I66)>0),1,0) -> 0 | K66: =IF(J66=1,SUMPRODUCT(($J$5:$J$312=1)*(N($I$5:$I$312)>N(I66)))+1,"") | L66: =IF(J66<>1,"",IF(K66<=ROUND(SUM($J$5:$J$312)*0.2,0),"上位20%",IF(K66<=ROUND(SUM($J$5:$J$312)*0.8,0),"中位60%","下位20%"))) | M66: =IF(F66="あり","◎","") -> ◎ | N66: =IF(OR(LEFT(G66,1)="A",LEFT(G66,1)="B"),"◎","") | W66: =IF((N(Q66)+N(R66)+N(S66)+N(T66)+N(U66)+N(V66))=0,"",IF(AND((N(Q66)+N(R66)+N(T66))>=2,(N(Q66)+N(R66)+N(S66)+N(T66)+N(U66)+N(V66))>=4),"高",IF(AND((N(Q66)+N(R66)+N(T66))>=1,(N(Q66)+N(R66)+N(S66)+N(T66)+N(U66)+N(V66))=3),"中","低"))) | X66: =IF(L66="中位60%",IF(W66="高",3,IF(W66="中",2,IF(W66="低",1,0)))+IF(M66="◎",1,0)+IF(N66="◎",1,0)+IF(O66="○",1,0)+IF(P66="○",1,0),"")
A67: 10500019 | B67: 合同会社 アトリエ・キッズ | C67: 法人 | D67: 5 | E67: 田村 未帆 | F67: あり | H67: 1 | J67: =IF(AND(H67=1,N(I67)>0),1,0) -> 0 | K67: =IF(J67=1,SUMPRODUCT(($J$5:$J$312=1)*(N($I$5:$I$312)>N(I67)))+1,"") | L67: =IF(J67<>1,"",IF(K67<=ROUND(SUM($J$5:$J$312)*0.2,0),"上位20%",IF(K67<=ROUND(SUM($J$5:$J$312)*0.8,0),"中位60%","下位20%"))) | M67: =IF(F67="あり","◎","") -> ◎ | N67: =IF(OR(LEFT(G67,1)="A",LEFT(G67,1)="B"),"◎","") | W67: =IF((N(Q67)+N(R67)+N(S67)+N(T67)+N(U67)+N(V67))=0,"",IF(AND((N(Q67)+N(R67)+N(T67))>=2,(N(Q67)+N(R67)+N(S67)+N(T67)+N(U67)+N(V67))>=4),"高",IF(AND((N(Q67)+N(R67)+N(T67))>=1,(N(Q67)+N(R67)+N(S67)+N(T67)+N(U67)+N(V67))=3),"中","低"))) | X67: =IF(L67="中位60%",IF(W67="高",3,IF(W67="中",2,IF(W67="低",1,0)))+IF(M67="◎",1,0)+IF(N67="◎",1,0)+IF(O67="○",1,0)+IF(P67="○",1,0),"")
A68: 10500020 | B68: 株式会社 緑 | C68: 法人 | D68: 5 | E68: 福田 純夫 | F68: あり | H68: 1 | J68: =IF(AND(H68=1,N(I68)>0),1,0) -> 0 | K68: =IF(J68=1,SUMPRODUCT(($J$5:$J$312=1)*(N($I$5:$I$312)>N(I68)))+1,"") | L68: =IF(J68<>1,"",IF(K68<=ROUND(SUM($J$5:$J$312)*0.2,0),"上位20%",IF(K68<=ROUND(SUM($J$5:$J$312)*0.8,0),"中位60%","下位20%"))) | M68: =IF(F68="あり","◎","") -> ◎ | N68: =IF(OR(LEFT(G68,1)="A",LEFT(G68,1)="B"),"◎","") | W68: =IF((N(Q68)+N(R68)+N(S68)+N(T68)+N(U68)+N(V68))=0,"",IF(AND((N(Q68)+N(R68)+N(T68))>=2,(N(Q68)+N(R68)+N(S68)+N(T68)+N(U68)+N(V68))>=4),"高",IF(AND((N(Q68)+N(R68)+N(T68))>=1,(N(Q68)+N(R68)+N(S68)+N(T68)+N(U68)+N(V68))=3),"中","低"))) | X68: =IF(L68="中位60%",IF(W68="高",3,IF(W68="中",2,IF(W68="低",1,0)))+IF(M68="◎",1,0)+IF(N68="◎",1,0)+IF(O68="○",1,0)+IF(P68="○",1,0),"")
A69: 10500021 | B69: 一般社団法人 グローバルテニスプロジェクト | C69: 法人 | D69: 5 | E69: 松崎 恵 | F69: あり | H69: 1 | J69: =IF(AND(H69=1,N(I69)>0),1,0) -> 0 | K69: =IF(J69=1,SUMPRODUCT(($J$5:$J$312=1)*(N($I$5:$I$312)>N(I69)))+1,"") | L69: =IF(J69<>1,"",IF(K69<=ROUND(SUM($J$5:$J$312)*0.2,0),"上位20%",IF(K69<=ROUND(SUM($J$5:$J$312)*0.8,0),"中位60%","下位20%"))) | M69: =IF(F69="あり","◎","") -> ◎ | N69: =IF(OR(LEFT(G69,1)="A",LEFT(G69,1)="B"),"◎","") | W69: =IF((N(Q69)+N(R69)+N(S69)+N(T69)+N(U69)+N(V69))=0,"",IF(AND((N(Q69)+N(R69)+N(T69))>=2,(N(Q69)+N(R69)+N(S69)+N(T69)+N(U69)+N(V69))>=4),"高",IF(AND((N(Q69)+N(R69)+N(T69))>=1,(N(Q69)+N(R69)+N(S69)+N(T69)+N(U69)+N(V69))=3),"中","低"))) | X69: =IF(L69="中位60%",IF(W69="高",3,IF(W69="中",2,IF(W69="低",1,0)))+IF(M69="◎",1,0)+IF(N69="◎",1,0)+IF(O69="○",1,0)+IF(P69="○",1,0),"")
A70: 10600001 | B70: 株式会社 茂木のたまご | C70: 法人 | D70: 6 | E70: 荻原 真之 | F70: なし | G70: A:伝票作成から決算、申告、税務代理まで | H70: 1 | J70: =IF(AND(H70=1,N(I70)>0),1,0) -> 0 | K70: =IF(J70=1,SUMPRODUCT(($J$5:$J$312=1)*(N($I$5:$I$312)>N(I70)))+1,"") | L70: =IF(J70<>1,"",IF(K70<=ROUND(SUM($J$5:$J$312)*0.2,0),"上位20%",IF(K70<=ROUND(SUM($J$5:$J$312)*0.8,0),"中位60%","下位20%"))) | M70: =IF(F70="あり","◎","") | N70: =IF(OR(LEFT(G70,1)="A",LEFT(G70,1)="B"),"◎","") -> ◎ | W70: =IF((N(Q70)+N(R70)+N(S70)+N(T70)+N(U70)+N(V70))=0,"",IF(AND((N(Q70)+N(R70)+N(T70))>=2,(N(Q70)+N(R70)+N(S70)+N(T70)+N(U70)+N(V70))>=4),"高",IF(AND((N(Q70)+N(R70)+N(T70))>=1,(N(Q70)+N(R70)+N(S70)+N(T70)+N(U70)+N(V70))=3),"中","低"))) | X70: =IF(L70="中位60%",IF(W70="高",3,IF(W70="中",2,IF(W70="低",1,0)))+IF(M70="◎",1,0)+IF(N70="◎",1,0)+IF(O70="○",1,0)+IF(P70="○",1,0),"")
A71: 10600003 | B71: バイシンク･エンタテインメント 株式会社 | C71: 法人 | D71: 6 | E71: 田村 未帆 | F71: あり | G71: B:補助簿の記帳から決算、申告、税務代理まで | H71: 1 | J71: =IF(AND(H71=1,N(I71)>0),1,0) -> 0 | K71: =IF(J71=1,SUMPRODUCT(($J$5:$J$312=1)*(N($I$5:$I$312)>N(I71)))+1,"") | L71: =IF(J71<>1,"",IF(K71<=ROUND(SUM($J$5:$J$312)*0.2,0),"上位20%",IF(K71<=ROUND(SUM($J$5:$J$312)*0.8,0),"中位60%","下位20%"))) | M71: =IF(F71="あり","◎","") -> ◎ | N71: =IF(OR(LEFT(G71,1)="A",LEFT(G71,1)="B"),"◎","") -> ◎ | W71: =IF((N(Q71)+N(R71)+N(S71)+N(T71)+N(U71)+N(V71))=0,"",IF(AND((N(Q71)+N(R71)+N(T71))>=2,(N(Q71)+N(R71)+N(S71)+N(T71)+N(U71)+N(V71))>=4),"高",IF(AND((N(Q71)+N(R71)+N(T71))>=1,(N(Q71)+N(R71)+N(S71)+N(T71)+N(U71)+N(V71))=3),"中","低"))) | X71: =IF(L71="中位60%",IF(W71="高",3,IF(W71="中",2,IF(W71="低",1,0)))+IF(M71="◎",1,0)+IF(N71="◎",1,0)+IF(O71="○",1,0)+IF(P71="○",1,0),"")
A72: 10600004 | B72: 株式会社 ＯＡランド２１ | C72: 法人 | D72: 6 | E72: 福田 純夫 | F72: あり | G72: C:総勘定元帳の記帳から決算、申告、税務代理まで | H72: 1 | J72: =IF(AND(H72=1,N(I72)>0),1,0) -> 0 | K72: =IF(J72=1,SUMPRODUCT(($J$5:$J$312=1)*(N($I$5:$I$312)>N(I72)))+1,"") | L72: =IF(J72<>1,"",IF(K72<=ROUND(SUM($J$5:$J$312)*0.2,0),"上位20%",IF(K72<=ROUND(SUM($J$5:$J$312)*0.8,0),"中位60%","下位20%"))) | M72: =IF(F72="あり","◎","") -> ◎ | N72: =IF(OR(LEFT(G72,1)="A",LEFT(G72,1)="B"),"◎","") | W72: =IF((N(Q72)+N(R72)+N(S72)+N(T72)+N(U72)+N(V72))=0,"",IF(AND((N(Q72)+N(R72)+N(T72))>=2,(N(Q72)+N(R72)+N(S72)+N(T72)+N(U72)+N(V72))>=4),"高",IF(AND((N(Q72)+N(R72)+N(T72))>=1,(N(Q72)+N(R72)+N(S72)+N(T72)+N(U72)+N(V72))=3),"中","低"))) | X72: =IF(L72="中位60%",IF(W72="高",3,IF(W72="中",2,IF(W72="低",1,0)))+IF(M72="◎",1,0)+IF(N72="◎",1,0)+IF(O72="○",1,0)+IF(P72="○",1,0),"")
A73: 10600005 | B73: 株式会社 ＳＯＵ | C73: 法人 | D73: 6 | E73: 南雲 拓也 | F73: あり | G73: C:総勘定元帳の記帳から決算、申告、税務代理まで | H73: 1 | J73: =IF(AND(H73=1,N(I73)>0),1,0) -> 0 | K73: =IF(J73=1,SUMPRODUCT(($J$5:$J$312=1)*(N($I$5:$I$312)>N(I73)))+1,"") | L73: =IF(J73<>1,"",IF(K73<=ROUND(SUM($J$5:$J$312)*0.2,0),"上位20%",IF(K73<=ROUND(SUM($J$5:$J$312)*0.8,0),"中位60%","下位20%"))) | M73: =IF(F73="あり","◎","") -> ◎ | N73: =IF(OR(LEFT(G73,1)="A",LEFT(G73,1)="B"),"◎","") | W73: =IF((N(Q73)+N(R73)+N(S73)+N(T73)+N(U73)+N(V73))=0,"",IF(AND((N(Q73)+N(R73)+N(T73))>=2,(N(Q73)+N(R73)+N(S73)+N(T73)+N(U73)+N(V73))>=4),"高",IF(AND((N(Q73)+N(R73)+N(T73))>=1,(N(Q73)+N(R73)+N(S73)+N(T73)+N(U73)+N(V73))=3),"中","低"))) | X73: =IF(L73="中位60%",IF(W73="高",3,IF(W73="中",2,IF(W73="低",1,0)))+IF(M73="◎",1,0)+IF(N73="◎",1,0)+IF(O73="○",1,0)+IF(P73="○",1,0),"")
A74: 10600006 | B74: 株式会社 あざみ農園 | C74: 法人 | D74: 6 | E74: 福田 純夫 | F74: あり | G74: A:伝票作成から決算、申告、税務代理まで | H74: 1 | J74: =IF(AND(H74=1,N(I74)>0),1,0) -> 0 | K74: =IF(J74=1,SUMPRODUCT(($J$5:$J$312=1)*(N($I$5:$I$312)>N(I74)))+1,"") | L74: =IF(J74<>1,"",IF(K74<=ROUND(SUM($J$5:$J$312)*0.2,0),"上位20%",IF(K74<=ROUND(SUM($J$5:$J$312)*0.8,0),"中位60%","下位20%"))) | M74: =IF(F74="あり","◎","") -> ◎ | N74: =IF(OR(LEFT(G74,1)="A",LEFT(G74,1)="B"),"◎","") -> ◎ | W74: =IF((N(Q74)+N(R74)+N(S74)+N(T74)+N(U74)+N(V74))=0,"",IF(AND((N(Q74)+N(R74)+N(T74))>=2,(N(Q74)+N(R74)+N(S74)+N(T74)+N(U74)+N(V74))>=4),"高",IF(AND((N(Q74)+N(R74)+N(T74))>=1,(N(Q74)+N(R74)+N(S74)+N(T74)+N(U74)+N(V74))=3),"中","低"))) | X74: =IF(L74="中位60%",IF(W74="高",3,IF(W74="中",2,IF(W74="低",1,0)))+IF(M74="◎",1,0)+IF(N74="◎",1,0)+IF(O74="○",1,0)+IF(P74="○",1,0),"")
A75: 10600009 | B75: 株式会社 浅野織物工場 | C75: 法人 | D75: 6 | E75: 柳 陽平 | F75: あり | G75: D:決算書の作成から申告、税務代理まで | H75: 1 | J75: =IF(AND(H75=1,N(I75)>0),1,0) -> 0 | K75: =IF(J75=1,SUMPRODUCT(($J$5:$J$312=1)*(N($I$5:$I$312)>N(I75)))+1,"") | L75: =IF(J75<>1,"",IF(K75<=ROUND(SUM($J$5:$J$312)*0.2,0),"上位20%",IF(K75<=ROUND(SUM($J$5:$J$312)*0.8,0),"中位60%","下位20%"))) | M75: =IF(F75="あり","◎","") -> ◎ | N75: =IF(OR(LEFT(G75,1)="A",LEFT(G75,1)="B"),"◎","") | W75: =IF((N(Q75)+N(R75)+N(S75)+N(T75)+N(U75)+N(V75))=0,"",IF(AND((N(Q75)+N(R75)+N(T75))>=2,(N(Q75)+N(R75)+N(S75)+N(T75)+N(U75)+N(V75))>=4),"高",IF(AND((N(Q75)+N(R75)+N(T75))>=1,(N(Q75)+N(R75)+N(S75)+N(T75)+N(U75)+N(V75))=3),"中","低"))) | X75: =IF(L75="中位60%",IF(W75="高",3,IF(W75="中",2,IF(W75="低",1,0)))+IF(M75="◎",1,0)+IF(N75="◎",1,0)+IF(O75="○",1,0)+IF(P75="○",1,0),"")
A76: 10600010 | B76: 株式会社 内田養鶏 | C76: 法人 | D76: 6 | E76: 和田 小百合 | F76: なし | G76: B:補助簿の記帳から決算、申告、税務代理まで | H76: 1 | J76: =IF(AND(H76=1,N(I76)>0),1,0) -> 0 | K76: =IF(J76=1,SUMPRODUCT(($J$5:$J$312=1)*(N($I$5:$I$312)>N(I76)))+1,"") | L76: =IF(J76<>1,"",IF(K76<=ROUND(SUM($J$5:$J$312)*0.2,0),"上位20%",IF(K76<=ROUND(SUM($J$5:$J$312)*0.8,0),"中位60%","下位20%"))) | M76: =IF(F76="あり","◎","") | N76: =IF(OR(LEFT(G76,1)="A",LEFT(G76,1)="B"),"◎","") -> ◎ | W76: =IF((N(Q76)+N(R76)+N(S76)+N(T76)+N(U76)+N(V76))=0,"",IF(AND((N(Q76)+N(R76)+N(T76))>=2,(N(Q76)+N(R76)+N(S76)+N(T76)+N(U76)+N(V76))>=4),"高",IF(AND((N(Q76)+N(R76)+N(T76))>=1,(N(Q76)+N(R76)+N(S76)+N(T76)+N(U76)+N(V76))=3),"中","低"))) | X76: =IF(L76="中位60%",IF(W76="高",3,IF(W76="中",2,IF(W76="低",1,0)))+IF(M76="◎",1,0)+IF(N76="◎",1,0)+IF(O76="○",1,0)+IF(P76="○",1,0),"")
A77: 10600011 | B77: 株式会社 リープリープ | C77: 法人 | D77: 6 | E77: 福田 純夫 | F77: あり | G77: B:補助簿の記帳から決算、申告、税務代理まで | H77: 1 | J77: =IF(AND(H77=1,N(I77)>0),1,0) -> 0 | K77: =IF(J77=1,SUMPRODUCT(($J$5:$J$312=1)*(N($I$5:$I$312)>N(I77)))+1,"") | L77: =IF(J77<>1,"",IF(K77<=ROUND(SUM($J$5:$J$312)*0.2,0),"上位20%",IF(K77<=ROUND(SUM($J$5:$J$312)*0.8,0),"中位60%","下位20%"))) | M77: =IF(F77="あり","◎","") -> ◎ | N77: =IF(OR(LEFT(G77,1)="A",LEFT(G77,1)="B"),"◎","") -> ◎ | W77: =IF((N(Q77)+N(R77)+N(S77)+N(T77)+N(U77)+N(V77))=0,"",IF(AND((N(Q77)+N(R77)+N(T77))>=2,(N(Q77)+N(R77)+N(S77)+N(T77)+N(U77)+N(V77))>=4),"高",IF(AND((N(Q77)+N(R77)+N(T77))>=1,(N(Q77)+N(R77)+N(S77)+N(T77)+N(U77)+N(V77))=3),"中","低"))) | X77: =IF(L77="中位60%",IF(W77="高",3,IF(W77="中",2,IF(W77="低",1,0)))+IF(M77="◎",1,0)+IF(N77="◎",1,0)+IF(O77="○",1,0)+IF(P77="○",1,0),"")
A78: 10600012 | B78: 有限会社 アサカレ－ス | C78: 法人 | D78: 6 | E78: 柳 陽平 | F78: あり | G78: C:総勘定元帳の記帳から決算、申告、税務代理まで | H78: 1 | J78: =IF(AND(H78=1,N(I78)>0),1,0) -> 0 | K78: =IF(J78=1,SUMPRODUCT(($J$5:$J$312=1)*(N($I$5:$I$312)>N(I78)))+1,"") | L78: =IF(J78<>1,"",IF(K78<=ROUND(SUM($J$5:$J$312)*0.2,0),"上位20%",IF(K78<=ROUND(SUM($J$5:$J$312)*0.8,0),"中位60%","下位20%"))) | M78: =IF(F78="あり","◎","") -> ◎ | N78: =IF(OR(LEFT(G78,1)="A",LEFT(G78,1)="B"),"◎","") | W78: =IF((N(Q78)+N(R78)+N(S78)+N(T78)+N(U78)+N(V78))=0,"",IF(AND((N(Q78)+N(R78)+N(T78))>=2,(N(Q78)+N(R78)+N(S78)+N(T78)+N(U78)+N(V78))>=4),"高",IF(AND((N(Q78)+N(R78)+N(T78))>=1,(N(Q78)+N(R78)+N(S78)+N(T78)+N(U78)+N(V78))=3),"中","低"))) | X78: =IF(L78="中位60%",IF(W78="高",3,IF(W78="中",2,IF(W78="低",1,0)))+IF(M78="◎",1,0)+IF(N78="◎",1,0)+IF(O78="○",1,0)+IF(P78="○",1,0),"")
A79: 10600013 | B79: 有限会社 モントレー | C79: 法人 | D79: 6 | E79: 福田 純夫 | F79: あり | G79: C:総勘定元帳の記帳から決算、申告、税務代理まで | H79: 1 | J79: =IF(AND(H79=1,N(I79)>0),1,0) -> 0 | K79: =IF(J79=1,SUMPRODUCT(($J$5:$J$312=1)*(N($I$5:$I$312)>N(I79)))+1,"") | L79: =IF(J79<>1,"",IF(K79<=ROUND(SUM($J$5:$J$312)*0.2,0),"上位20%",IF(K79<=ROUND(SUM($J$5:$J$312)*0.8,0),"中位60%","下位20%"))) | M79: =IF(F79="あり","◎","") -> ◎ | N79: =IF(OR(LEFT(G79,1)="A",LEFT(G79,1)="B"),"◎","") | W79: =IF((N(Q79)+N(R79)+N(S79)+N(T79)+N(U79)+N(V79))=0,"",IF(AND((N(Q79)+N(R79)+N(T79))>=2,(N(Q79)+N(R79)+N(S79)+N(T79)+N(U79)+N(V79))>=4),"高",IF(AND((N(Q79)+N(R79)+N(T79))>=1,(N(Q79)+N(R79)+N(S79)+N(T79)+N(U79)+N(V79))=3),"中","低"))) | X79: =IF(L79="中位60%",IF(W79="高",3,IF(W79="中",2,IF(W79="低",1,0)))+IF(M79="◎",1,0)+IF(N79="◎",1,0)+IF(O79="○",1,0)+IF(P79="○",1,0),"")
A80: 10600014 | B80: 有限会社 富沢電気商事 | C80: 法人 | D80: 6 | E80: 松崎 恵 | F80: あり | G80: C:総勘定元帳の記帳から決算、申告、税務代理まで | H80: 1 | J80: =IF(AND(H80=1,N(I80)>0),1,0) -> 0 | K80: =IF(J80=1,SUMPRODUCT(($J$5:$J$312=1)*(N($I$5:$I$312)>N(I80)))+1,"") | L80: =IF(J80<>1,"",IF(K80<=ROUND(SUM($J$5:$J$312)*0.2,0),"上位20%",IF(K80<=ROUND(SUM($J$5:$J$312)*0.8,0),"中位60%","下位20%"))) | M80: =IF(F80="あり","◎","") -> ◎ | N80: =IF(OR(LEFT(G80,1)="A",LEFT(G80,1)="B"),"◎","") | W80: =IF((N(Q80)+N(R80)+N(S80)+N(T80)+N(U80)+N(V80))=0,"",IF(AND((N(Q80)+N(R80)+N(T80))>=2,(N(Q80)+N(R80)+N(S80)+N(T80)+N(U80)+N(V80))>=4),"高",IF(AND((N(Q80)+N(R80)+N(T80))>=1,(N(Q80)+N(R80)+N(S80)+N(T80)+N(U80)+N(V80))=3),"中","低"))) | X80: =IF(L80="中位60%",IF(W80="高",3,IF(W80="中",2,IF(W80="低",1,0)))+IF(M80="◎",1,0)+IF(N80="◎",1,0)+IF(O80="○",1,0)+IF(P80="○",1,0),"")
A81: 10600015 | B81: 株式会社 エス・ケー・アグリ | C81: 法人 | D81: 6 | E81: 福田 秀幸 | F81: なし | G81: B:補助簿の記帳から決算、申告、税務代理まで | H81: 1 | J81: =IF(AND(H81=1,N(I81)>0),1,0) -> 0 | K81: =IF(J81=1,SUMPRODUCT(($J$5:$J$312=1)*(N($I$5:$I$312)>N(I81)))+1,"") | L81: =IF(J81<>1,"",IF(K81<=ROUND(SUM($J$5:$J$312)*0.2,0),"上位20%",IF(K81<=ROUND(SUM($J$5:$J$312)*0.8,0),"中位60%","下位20%"))) | M81: =IF(F81="あり","◎","") | N81: =IF(OR(LEFT(G81,1)="A",LEFT(G81,1)="B"),"◎","") -> ◎ | W81: =IF((N(Q81)+N(R81)+N(S81)+N(T81)+N(U81)+N(V81))=0,"",IF(AND((N(Q81)+N(R81)+N(T81))>=2,(N(Q81)+N(R81)+N(S81)+N(T81)+N(U81)+N(V81))>=4),"高",IF(AND((N(Q81)+N(R81)+N(T81))>=1,(N(Q81)+N(R81)+N(S81)+N(T81)+N(U81)+N(V81))=3),"中","低"))) | X81: =IF(L81="中位60%",IF(W81="高",3,IF(W81="中",2,IF(W81="低",1,0)))+IF(M81="◎",1,0)+IF(N81="◎",1,0)+IF(O81="○",1,0)+IF(P81="○",1,0),"")
A82: 10600016 | B82: 一般社団法人 ホリスティックライフデザイン協会 | C82: 法人 | D82: 6 | E82: 福田 秀幸 | F82: あり | H82: 1 | J82: =IF(AND(H82=1,N(I82)>0),1,0) -> 0 | K82: =IF(J82=1,SUMPRODUCT(($J$5:$J$312=1)*(N($I$5:$I$312)>N(I82)))+1,"") | L82: =IF(J82<>1,"",IF(K82<=ROUND(SUM($J$5:$J$312)*0.2,0),"上位20%",IF(K82<=ROUND(SUM($J$5:$J$312)*0.8,0),"中位60%","下位20%"))) | M82: =IF(F82="あり","◎","") -> ◎ | N82: =IF(OR(LEFT(G82,1)="A",LEFT(G82,1)="B"),"◎","") | W82: =IF((N(Q82)+N(R82)+N(S82)+N(T82)+N(U82)+N(V82))=0,"",IF(AND((N(Q82)+N(R82)+N(T82))>=2,(N(Q82)+N(R82)+N(S82)+N(T82)+N(U82)+N(V82))>=4),"高",IF(AND((N(Q82)+N(R82)+N(T82))>=1,(N(Q82)+N(R82)+N(S82)+N(T82)+N(U82)+N(V82))=3),"中","低"))) | X82: =IF(L82="中位60%",IF(W82="高",3,IF(W82="中",2,IF(W82="低",1,0)))+IF(M82="◎",1,0)+IF(N82="◎",1,0)+IF(O82="○",1,0)+IF(P82="○",1,0),"")
A83: 10600017 | B83: 株式会社 パンフォーユー | C83: 法人 | D83: 6 | E83: 田村 未帆 | F83: あり | H83: 1 | J83: =IF(AND(H83=1,N(I83)>0),1,0) -> 0 | K83: =IF(J83=1,SUMPRODUCT(($J$5:$J$312=1)*(N($I$5:$I$312)>N(I83)))+1,"") | L83: =IF(J83<>1,"",IF(K83<=ROUND(SUM($J$5:$J$312)*0.2,0),"上位20%",IF(K83<=ROUND(SUM($J$5:$J$312)*0.8,0),"中位60%","下位20%"))) | M83: =IF(F83="あり","◎","") -> ◎ | N83: =IF(OR(LEFT(G83,1)="A",LEFT(G83,1)="B"),"◎","") | W83: =IF((N(Q83)+N(R83)+N(S83)+N(T83)+N(U83)+N(V83))=0,"",IF(AND((N(Q83)+N(R83)+N(T83))>=2,(N(Q83)+N(R83)+N(S83)+N(T83)+N(U83)+N(V83))>=4),"高",IF(AND((N(Q83)+N(R83)+N(T83))>=1,(N(Q83)+N(R83)+N(S83)+N(T83)+N(U83)+N(V83))=3),"中","低"))) | X83: =IF(L83="中位60%",IF(W83="高",3,IF(W83="中",2,IF(W83="低",1,0)))+IF(M83="◎",1,0)+IF(N83="◎",1,0)+IF(O83="○",1,0)+IF(P83="○",1,0),"")
A84: 10600018 | B84: 株式会社 ＬｉＮＫ | C84: 法人 | D84: 6 | E84: 松崎 恵 | F84: あり | H84: 1 | J84: =IF(AND(H84=1,N(I84)>0),1,0) -> 0 | K84: =IF(J84=1,SUMPRODUCT(($J$5:$J$312=1)*(N($I$5:$I$312)>N(I84)))+1,"") | L84: =IF(J84<>1,"",IF(K84<=ROUND(SUM($J$5:$J$312)*0.2,0),"上位20%",IF(K84<=ROUND(SUM($J$5:$J$312)*0.8,0),"中位60%","下位20%"))) | M84: =IF(F84="あり","◎","") -> ◎ | N84: =IF(OR(LEFT(G84,1)="A",LEFT(G84,1)="B"),"◎","") | W84: =IF((N(Q84)+N(R84)+N(S84)+N(T84)+N(U84)+N(V84))=0,"",IF(AND((N(Q84)+N(R84)+N(T84))>=2,(N(Q84)+N(R84)+N(S84)+N(T84)+N(U84)+N(V84))>=4),"高",IF(AND((N(Q84)+N(R84)+N(T84))>=1,(N(Q84)+N(R84)+N(S84)+N(T84)+N(U84)+N(V84))=3),"中","低"))) | X84: =IF(L84="中位60%",IF(W84="高",3,IF(W84="中",2,IF(W84="低",1,0)))+IF(M84="◎",1,0)+IF(N84="◎",1,0)+IF(O84="○",1,0)+IF(P84="○",1,0),"")
A85: 10600022 | B85: 有限会社 望月メディカルシステムズ | C85: 法人 | D85: 6 | E85: 荻原 真之 | F85: なし | H85: 1 | J85: =IF(AND(H85=1,N(I85)>0),1,0) -> 0 | K85: =IF(J85=1,SUMPRODUCT(($J$5:$J$312=1)*(N($I$5:$I$312)>N(I85)))+1,"") | L85: =IF(J85<>1,"",IF(K85<=ROUND(SUM($J$5:$J$312)*0.2,0),"上位20%",IF(K85<=ROUND(SUM($J$5:$J$312)*0.8,0),"中位60%","下位20%"))) | M85: =IF(F85="あり","◎","") | N85: =IF(OR(LEFT(G85,1)="A",LEFT(G85,1)="B"),"◎","") | W85: =IF((N(Q85)+N(R85)+N(S85)+N(T85)+N(U85)+N(V85))=0,"",IF(AND((N(Q85)+N(R85)+N(T85))>=2,(N(Q85)+N(R85)+N(S85)+N(T85)+N(U85)+N(V85))>=4),"高",IF(AND((N(Q85)+N(R85)+N(T85))>=1,(N(Q85)+N(R85)+N(S85)+N(T85)+N(U85)+N(V85))=3),"中","低"))) | X85: =IF(L85="中位60%",IF(W85="高",3,IF(W85="中",2,IF(W85="低",1,0)))+IF(M85="◎",1,0)+IF(N85="◎",1,0)+IF(O85="○",1,0)+IF(P85="○",1,0),"")
A86: 10600025 | B86: 株式会社 ナチュラルボディズ | C86: 法人 | D86: 6 | E86: 越沼 浩美 | F86: あり | G86: A:伝票作成から決算、申告、税務代理まで | H86: 1 | J86: =IF(AND(H86=1,N(I86)>0),1,0) -> 0 | K86: =IF(J86=1,SUMPRODUCT(($J$5:$J$312=1)*(N($I$5:$I$312)>N(I86)))+1,"") | L86: =IF(J86<>1,"",IF(K86<=ROUND(SUM($J$5:$J$312)*0.2,0),"上位20%",IF(K86<=ROUND(SUM($J$5:$J$312)*0.8,0),"中位60%","下位20%"))) | M86: =IF(F86="あり","◎","") -> ◎ | N86: =IF(OR(LEFT(G86,1)="A",LEFT(G86,1)="B"),"◎","") -> ◎ | W86: =IF((N(Q86)+N(R86)+N(S86)+N(T86)+N(U86)+N(V86))=0,"",IF(AND((N(Q86)+N(R86)+N(T86))>=2,(N(Q86)+N(R86)+N(S86)+N(T86)+N(U86)+N(V86))>=4),"高",IF(AND((N(Q86)+N(R86)+N(T86))>=1,(N(Q86)+N(R86)+N(S86)+N(T86)+N(U86)+N(V86))=3),"中","低"))) | X86: =IF(L86="中位60%",IF(W86="高",3,IF(W86="中",2,IF(W86="低",1,0)))+IF(M86="◎",1,0)+IF(N86="◎",1,0)+IF(O86="○",1,0)+IF(P86="○",1,0),"")
A87: 10600027 | B87: 株式会社 西ハルナファーム | C87: 法人 | D87: 6 | E87: 荻原 真之 | F87: なし | H87: 1 | J87: =IF(AND(H87=1,N(I87)>0),1,0) -> 0 | K87: =IF(J87=1,SUMPRODUCT(($J$5:$J$312=1)*(N($I$5:$I$312)>N(I87)))+1,"") | L87: =IF(J87<>1,"",IF(K87<=ROUND(SUM($J$5:$J$312)*0.2,0),"上位20%",IF(K87<=ROUND(SUM($J$5:$J$312)*0.8,0),"中位60%","下位20%"))) | M87: =IF(F87="あり","◎","") | N87: =IF(OR(LEFT(G87,1)="A",LEFT(G87,1)="B"),"◎","") | W87: =IF((N(Q87)+N(R87)+N(S87)+N(T87)+N(U87)+N(V87))=0,"",IF(AND((N(Q87)+N(R87)+N(T87))>=2,(N(Q87)+N(R87)+N(S87)+N(T87)+N(U87)+N(V87))>=4),"高",IF(AND((N(Q87)+N(R87)+N(T87))>=1,(N(Q87)+N(R87)+N(S87)+N(T87)+N(U87)+N(V87))=3),"中","低"))) | X87: =IF(L87="中位60%",IF(W87="高",3,IF(W87="中",2,IF(W87="低",1,0)))+IF(M87="◎",1,0)+IF(N87="◎",1,0)+IF(O87="○",1,0)+IF(P87="○",1,0),"")
A88: 10600028 | B88: 株式会社 ネクサス | C88: 法人 | D88: 5 | E88: 松崎 恵 | F88: あり | G88: A:伝票作成から決算、申告、税務代理まで | H88: 1 | J88: =IF(AND(H88=1,N(I88)>0),1,0) -> 0 | K88: =IF(J88=1,SUMPRODUCT(($J$5:$J$312=1)*(N($I$5:$I$312)>N(I88)))+1,"") | L88: =IF(J88<>1,"",IF(K88<=ROUND(SUM($J$5:$J$312)*0.2,0),"上位20%",IF(K88<=ROUND(SUM($J$5:$J$312)*0.8,0),"中位60%","下位20%"))) | M88: =IF(F88="あり","◎","") -> ◎ | N88: =IF(OR(LEFT(G88,1)="A",LEFT(G88,1)="B"),"◎","") -> ◎ | W88: =IF((N(Q88)+N(R88)+N(S88)+N(T88)+N(U88)+N(V88))=0,"",IF(AND((N(Q88)+N(R88)+N(T88))>=2,(N(Q88)+N(R88)+N(S88)+N(T88)+N(U88)+N(V88))>=4),"高",IF(AND((N(Q88)+N(R88)+N(T88))>=1,(N(Q88)+N(R88)+N(S88)+N(T88)+N(U88)+N(V88))=3),"中","低"))) | X88: =IF(L88="中位60%",IF(W88="高",3,IF(W88="中",2,IF(W88="低",1,0)))+IF(M88="◎",1,0)+IF(N88="◎",1,0)+IF(O88="○",1,0)+IF(P88="○",1,0),"")
A89: 10600031 | B89: 株式会社Ｂｌｏｏｍ Ｗｅｌｌ | C89: 法人 | D89: 6 | E89: 松崎 恵 | F89: あり | H89: 1 | J89: =IF(AND(H89=1,N(I89)>0),1,0) -> 0 | K89: =IF(J89=1,SUMPRODUCT(($J$5:$J$312=1)*(N($I$5:$I$312)>N(I89)))+1,"") | L89: =IF(J89<>1,"",IF(K89<=ROUND(SUM($J$5:$J$312)*0.2,0),"上位20%",IF(K89<=ROUND(SUM($J$5:$J$312)*0.8,0),"中位60%","下位20%"))) | M89: =IF(F89="あり","◎","") -> ◎ | N89: =IF(OR(LEFT(G89,1)="A",LEFT(G89,1)="B"),"◎","") | W89: =IF((N(Q89)+N(R89)+N(S89)+N(T89)+N(U89)+N(V89))=0,"",IF(AND((N(Q89)+N(R89)+N(T89))>=2,(N(Q89)+N(R89)+N(S89)+N(T89)+N(U89)+N(V89))>=4),"高",IF(AND((N(Q89)+N(R89)+N(T89))>=1,(N(Q89)+N(R89)+N(S89)+N(T89)+N(U89)+N(V89))=3),"中","低"))) | X89: =IF(L89="中位60%",IF(W89="高",3,IF(W89="中",2,IF(W89="低",1,0)))+IF(M89="◎",1,0)+IF(N89="◎",1,0)+IF(O89="○",1,0)+IF(P89="○",1,0),"")
A90: 10600034 | B90: 株式会社 岡田ＨＤ | C90: 法人 | D90: 2 | E90: 福田 秀幸 | F90: あり | G90: C:総勘定元帳の記帳から決算、申告、税務代理まで | H90: 1 | J90: =IF(AND(H90=1,N(I90)>0),1,0) -> 0 | K90: =IF(J90=1,SUMPRODUCT(($J$5:$J$312=1)*(N($I$5:$I$312)>N(I90)))+1,"") | L90: =IF(J90<>1,"",IF(K90<=ROUND(SUM($J$5:$J$312)*0.2,0),"上位20%",IF(K90<=ROUND(SUM($J$5:$J$312)*0.8,0),"中位60%","下位20%"))) | M90: =IF(F90="あり","◎","") -> ◎ | N90: =IF(OR(LEFT(G90,1)="A",LEFT(G90,1)="B"),"◎","") | W90: =IF((N(Q90)+N(R90)+N(S90)+N(T90)+N(U90)+N(V90))=0,"",IF(AND((N(Q90)+N(R90)+N(T90))>=2,(N(Q90)+N(R90)+N(S90)+N(T90)+N(U90)+N(V90))>=4),"高",IF(AND((N(Q90)+N(R90)+N(T90))>=1,(N(Q90)+N(R90)+N(S90)+N(T90)+N(U90)+N(V90))=3),"中","低"))) | X90: =IF(L90="中位60%",IF(W90="高",3,IF(W90="中",2,IF(W90="低",1,0)))+IF(M90="◎",1,0)+IF(N90="◎",1,0)+IF(O90="○",1,0)+IF(P90="○",1,0),"")
A91: 10600035 | B91: 株式会社 まゆ‐ごもり | C91: 法人 | D91: 6 | E91: 和田 小百合 | F91: あり | H91: 1 | J91: =IF(AND(H91=1,N(I91)>0),1,0) -> 0 | K91: =IF(J91=1,SUMPRODUCT(($J$5:$J$312=1)*(N($I$5:$I$312)>N(I91)))+1,"") | L91: =IF(J91<>1,"",IF(K91<=ROUND(SUM($J$5:$J$312)*0.2,0),"上位20%",IF(K91<=ROUND(SUM($J$5:$J$312)*0.8,0),"中位60%","下位20%"))) | M91: =IF(F91="あり","◎","") -> ◎ | N91: =IF(OR(LEFT(G91,1)="A",LEFT(G91,1)="B"),"◎","") | W91: =IF((N(Q91)+N(R91)+N(S91)+N(T91)+N(U91)+N(V91))=0,"",IF(AND((N(Q91)+N(R91)+N(T91))>=2,(N(Q91)+N(R91)+N(S91)+N(T91)+N(U91)+N(V91))>=4),"高",IF(AND((N(Q91)+N(R91)+N(T91))>=1,(N(Q91)+N(R91)+N(S91)+N(T91)+N(U91)+N(V91))=3),"中","低"))) | X91: =IF(L91="中位60%",IF(W91="高",3,IF(W91="中",2,IF(W91="低",1,0)))+IF(M91="◎",1,0)+IF(N91="◎",1,0)+IF(O91="○",1,0)+IF(P91="○",1,0),"")
A92: 10700002 | B92: アイフォックス 株式会社 | C92: 法人 | D92: 7 | E92: 福田 純夫 | F92: あり | G92: B:補助簿の記帳から決算、申告、税務代理まで | H92: 1 | J92: =IF(AND(H92=1,N(I92)>0),1,0) -> 0 | K92: =IF(J92=1,SUMPRODUCT(($J$5:$J$312=1)*(N($I$5:$I$312)>N(I92)))+1,"") | L92: =IF(J92<>1,"",IF(K92<=ROUND(SUM($J$5:$J$312)*0.2,0),"上位20%",IF(K92<=ROUND(SUM($J$5:$J$312)*0.8,0),"中位60%","下位20%"))) | M92: =IF(F92="あり","◎","") -> ◎ | N92: =IF(OR(LEFT(G92,1)="A",LEFT(G92,1)="B"),"◎","") -> ◎ | W92: =IF((N(Q92)+N(R92)+N(S92)+N(T92)+N(U92)+N(V92))=0,"",IF(AND((N(Q92)+N(R92)+N(T92))>=2,(N(Q92)+N(R92)+N(S92)+N(T92)+N(U92)+N(V92))>=4),"高",IF(AND((N(Q92)+N(R92)+N(T92))>=1,(N(Q92)+N(R92)+N(S92)+N(T92)+N(U92)+N(V92))=3),"中","低"))) | X92: =IF(L92="中位60%",IF(W92="高",3,IF(W92="中",2,IF(W92="低",1,0)))+IF(M92="◎",1,0)+IF(N92="◎",1,0)+IF(O92="○",1,0)+IF(P92="○",1,0),"")
A93: 10700003 | B93: 一般社団法人 Ｋマネジメント | C93: 法人 | D93: 7 | E93: 福田 純夫 | F93: あり | G93: D:決算書の作成から申告、税務代理まで | H93: 1 | J93: =IF(AND(H93=1,N(I93)>0),1,0) -> 0 | K93: =IF(J93=1,SUMPRODUCT(($J$5:$J$312=1)*(N($I$5:$I$312)>N(I93)))+1,"") | L93: =IF(J93<>1,"",IF(K93<=ROUND(SUM($J$5:$J$312)*0.2,0),"上位20%",IF(K93<=ROUND(SUM($J$5:$J$312)*0.8,0),"中位60%","下位20%"))) | M93: =IF(F93="あり","◎","") -> ◎ | N93: =IF(OR(LEFT(G93,1)="A",LEFT(G93,1)="B"),"◎","") | W93: =IF((N(Q93)+N(R93)+N(S93)+N(T93)+N(U93)+N(V93))=0,"",IF(AND((N(Q93)+N(R93)+N(T93))>=2,(N(Q93)+N(R93)+N(S93)+N(T93)+N(U93)+N(V93))>=4),"高",IF(AND((N(Q93)+N(R93)+N(T93))>=1,(N(Q93)+N(R93)+N(S93)+N(T93)+N(U93)+N(V93))=3),"中","低"))) | X93: =IF(L93="中位60%",IF(W93="高",3,IF(W93="中",2,IF(W93="低",1,0)))+IF(M93="◎",1,0)+IF(N93="◎",1,0)+IF(O93="○",1,0)+IF(P93="○",1,0),"")
A94: 10700005 | B94: 株式会社 アッシー | C94: 法人 | D94: 7 | E94: 田村 未帆 | F94: あり | G94: C:総勘定元帳の記帳から決算、申告、税務代理まで | H94: 1 | J94: =IF(AND(H94=1,N(I94)>0),1,0) -> 0 | K94: =IF(J94=1,SUMPRODUCT(($J$5:$J$312=1)*(N($I$5:$I$312)>N(I94)))+1,"") | L94: =IF(J94<>1,"",IF(K94<=ROUND(SUM($J$5:$J$312)*0.2,0),"上位20%",IF(K94<=ROUND(SUM($J$5:$J$312)*0.8,0),"中位60%","下位20%"))) | M94: =IF(F94="あり","◎","") -> ◎ | N94: =IF(OR(LEFT(G94,1)="A",LEFT(G94,1)="B"),"◎","") | W94: =IF((N(Q94)+N(R94)+N(S94)+N(T94)+N(U94)+N(V94))=0,"",IF(AND((N(Q94)+N(R94)+N(T94))>=2,(N(Q94)+N(R94)+N(S94)+N(T94)+N(U94)+N(V94))>=4),"高",IF(AND((N(Q94)+N(R94)+N(T94))>=1,(N(Q94)+N(R94)+N(S94)+N(T94)+N(U94)+N(V94))=3),"中","低"))) | X94: =IF(L94="中位60%",IF(W94="高",3,IF(W94="中",2,IF(W94="低",1,0)))+IF(M94="◎",1,0)+IF(N94="◎",1,0)+IF(O94="○",1,0)+IF(P94="○",1,0),"")
A95: 10700006 | B95: 株式会社 フクル | C95: 法人 | D95: 7 | E95: 田村 未帆 | F95: あり | G95: B:補助簿の記帳から決算、申告、税務代理まで | H95: 1 | J95: =IF(AND(H95=1,N(I95)>0),1,0) -> 0 | K95: =IF(J95=1,SUMPRODUCT(($J$5:$J$312=1)*(N($I$5:$I$312)>N(I95)))+1,"") | L95: =IF(J95<>1,"",IF(K95<=ROUND(SUM($J$5:$J$312)*0.2,0),"上位20%",IF(K95<=ROUND(SUM($J$5:$J$312)*0.8,0),"中位60%","下位20%"))) | M95: =IF(F95="あり","◎","") -> ◎ | N95: =IF(OR(LEFT(G95,1)="A",LEFT(G95,1)="B"),"◎","") -> ◎ | W95: =IF((N(Q95)+N(R95)+N(S95)+N(T95)+N(U95)+N(V95))=0,"",IF(AND((N(Q95)+N(R95)+N(T95))>=2,(N(Q95)+N(R95)+N(S95)+N(T95)+N(U95)+N(V95))>=4),"高",IF(AND((N(Q95)+N(R95)+N(T95))>=1,(N(Q95)+N(R95)+N(S95)+N(T95)+N(U95)+N(V95))=3),"中","低"))) | X95: =IF(L95="中位60%",IF(W95="高",3,IF(W95="中",2,IF(W95="低",1,0)))+IF(M95="◎",1,0)+IF(N95="◎",1,0)+IF(O95="○",1,0)+IF(P95="○",1,0),"")
A96: 10700007 | B96: 株式会社 プロダクションＡ | C96: 法人 | D96: 7 | E96: 荻原 真之 | F96: あり | G96: C:総勘定元帳の記帳から決算、申告、税務代理まで | H96: 1 | J96: =IF(AND(H96=1,N(I96)>0),1,0) -> 0 | K96: =IF(J96=1,SUMPRODUCT(($J$5:$J$312=1)*(N($I$5:$I$312)>N(I96)))+1,"") | L96: =IF(J96<>1,"",IF(K96<=ROUND(SUM($J$5:$J$312)*0.2,0),"上位20%",IF(K96<=ROUND(SUM($J$5:$J$312)*0.8,0),"中位60%","下位20%"))) | M96: =IF(F96="あり","◎","") -> ◎ | N96: =IF(OR(LEFT(G96,1)="A",LEFT(G96,1)="B"),"◎","") | W96: =IF((N(Q96)+N(R96)+N(S96)+N(T96)+N(U96)+N(V96))=0,"",IF(AND((N(Q96)+N(R96)+N(T96))>=2,(N(Q96)+N(R96)+N(S96)+N(T96)+N(U96)+N(V96))>=4),"高",IF(AND((N(Q96)+N(R96)+N(T96))>=1,(N(Q96)+N(R96)+N(S96)+N(T96)+N(U96)+N(V96))=3),"中","低"))) | X96: =IF(L96="中位60%",IF(W96="高",3,IF(W96="中",2,IF(W96="低",1,0)))+IF(M96="◎",1,0)+IF(N96="◎",1,0)+IF(O96="○",1,0)+IF(P96="○",1,0),"")
A97: 10700008 | B97: 株式会社 ＹＴファーム | C97: 法人 | D97: 7 | E97: 松崎 恵 | F97: あり | G97: B:補助簿の記帳から決算、申告、税務代理まで | H97: 1 | J97: =IF(AND(H97=1,N(I97)>0),1,0) -> 0 | K97: =IF(J97=1,SUMPRODUCT(($J$5:$J$312=1)*(N($I$5:$I$312)>N(I97)))+1,"") | L97: =IF(J97<>1,"",IF(K97<=ROUND(SUM($J$5:$J$312)*0.2,0),"上位20%",IF(K97<=ROUND(SUM($J$5:$J$312)*0.8,0),"中位60%","下位20%"))) | M97: =IF(F97="あり","◎","") -> ◎ | N97: =IF(OR(LEFT(G97,1)="A",LEFT(G97,1)="B"),"◎","") -> ◎ | W97: =IF((N(Q97)+N(R97)+N(S97)+N(T97)+N(U97)+N(V97))=0,"",IF(AND((N(Q97)+N(R97)+N(T97))>=2,(N(Q97)+N(R97)+N(S97)+N(T97)+N(U97)+N(V97))>=4),"高",IF(AND((N(Q97)+N(R97)+N(T97))>=1,(N(Q97)+N(R97)+N(S97)+N(T97)+N(U97)+N(V97))=3),"中","低"))) | X97: =IF(L97="中位60%",IF(W97="高",3,IF(W97="中",2,IF(W97="低",1,0)))+IF(M97="◎",1,0)+IF(N97="◎",1,0)+IF(O97="○",1,0)+IF(P97="○",1,0),"")
A98: 10700009 | B98: 株式会社 アール企画 | C98: 法人 | D98: 7 | E98: 越沼 浩美 | F98: なし | G98: D:決算書の作成から申告、税務代理まで | H98: 1 | J98: =IF(AND(H98=1,N(I98)>0),1,0) -> 0 | K98: =IF(J98=1,SUMPRODUCT(($J$5:$J$312=1)*(N($I$5:$I$312)>N(I98)))+1,"") | L98: =IF(J98<>1,"",IF(K98<=ROUND(SUM($J$5:$J$312)*0.2,0),"上位20%",IF(K98<=ROUND(SUM($J$5:$J$312)*0.8,0),"中位60%","下位20%"))) | M98: =IF(F98="あり","◎","") | N98: =IF(OR(LEFT(G98,1)="A",LEFT(G98,1)="B"),"◎","") | W98: =IF((N(Q98)+N(R98)+N(S98)+N(T98)+N(U98)+N(V98))=0,"",IF(AND((N(Q98)+N(R98)+N(T98))>=2,(N(Q98)+N(R98)+N(S98)+N(T98)+N(U98)+N(V98))>=4),"高",IF(AND((N(Q98)+N(R98)+N(T98))>=1,(N(Q98)+N(R98)+N(S98)+N(T98)+N(U98)+N(V98))=3),"中","低"))) | X98: =IF(L98="中位60%",IF(W98="高",3,IF(W98="中",2,IF(W98="低",1,0)))+IF(M98="◎",1,0)+IF(N98="◎",1,0)+IF(O98="○",1,0)+IF(P98="○",1,0),"")
A99: 10700010 | B99: 貴船工業 株式会社 | C99: 法人 | D99: 7 | E99: 荻原 真之 | F99: あり | G99: A:伝票作成から決算、申告、税務代理まで | H99: 1 | J99: =IF(AND(H99=1,N(I99)>0),1,0) -> 0 | K99: =IF(J99=1,SUMPRODUCT(($J$5:$J$312=1)*(N($I$5:$I$312)>N(I99)))+1,"") | L99: =IF(J99<>1,"",IF(K99<=ROUND(SUM($J$5:$J$312)*0.2,0),"上位20%",IF(K99<=ROUND(SUM($J$5:$J$312)*0.8,0),"中位60%","下位20%"))) | M99: =IF(F99="あり","◎","") -> ◎ | N99: =IF(OR(LEFT(G99,1)="A",LEFT(G99,1)="B"),"◎","") -> ◎ | W99: =IF((N(Q99)+N(R99)+N(S99)+N(T99)+N(U99)+N(V99))=0,"",IF(AND((N(Q99)+N(R99)+N(T99))>=2,(N(Q99)+N(R99)+N(S99)+N(T99)+N(U99)+N(V99))>=4),"高",IF(AND((N(Q99)+N(R99)+N(T99))>=1,(N(Q99)+N(R99)+N(S99)+N(T99)+N(U99)+N(V99))=3),"中","低"))) | X99: =IF(L99="中位60%",IF(W99="高",3,IF(W99="中",2,IF(W99="低",1,0)))+IF(M99="◎",1,0)+IF(N99="◎",1,0)+IF(O99="○",1,0)+IF(P99="○",1,0),"")
A100: 10700012 | B100: 合同会社 ＮＧＵ | C100: 法人 | D100: 7 | E100: 南雲 拓也 | F100: あり | G100: D:決算書の作成から申告、税務代理まで | H100: 1 | J100: =IF(AND(H100=1,N(I100)>0),1,0) -> 0 | K100: =IF(J100=1,SUMPRODUCT(($J$5:$J$312=1)*(N($I$5:$I$312)>N(I100)))+1,"") | L100: =IF(J100<>1,"",IF(K100<=ROUND(SUM($J$5:$J$312)*0.2,0),"上位20%",IF(K100<=ROUND(SUM($J$5:$J$312)*0.8,0),"中位60%","下位20%"))) | M100: =IF(F100="あり","◎","") -> ◎ | N100: =IF(OR(LEFT(G100,1)="A",LEFT(G100,1)="B"),"◎","") | W100: =IF((N(Q100)+N(R100)+N(S100)+N(T100)+N(U100)+N(V100))=0,"",IF(AND((N(Q100)+N(R100)+N(T100))>=2,(N(Q100)+N(R100)+N(S100)+N(T100)+N(U100)+N(V100))>=4),"高",IF(AND((N(Q100)+N(R100)+N(T100))>=1,(N(Q100)+N(R100)+N(S100)+N(T100)+N(U100)+N(V100))=3),"中","低"))) | X100: =IF(L100="中位60%",IF(W100="高",3,IF(W100="中",2,IF(W100="低",1,0)))+IF(M100="◎",1,0)+IF(N100="◎",1,0)+IF(O100="○",1,0)+IF(P100="○",1,0),"")
A101: 10700013 | B101: 小林当織物 株式会社 | C101: 法人 | D101: 7 | E101: 福田 純夫 | F101: なし | G101: A:伝票作成から決算、申告、税務代理まで | H101: 1 | J101: =IF(AND(H101=1,N(I101)>0),1,0) -> 0 | K101: =IF(J101=1,SUMPRODUCT(($J$5:$J$312=1)*(N($I$5:$I$312)>N(I101)))+1,"") | L101: =IF(J101<>1,"",IF(K101<=ROUND(SUM($J$5:$J$312)*0.2,0),"上位20%",IF(K101<=ROUND(SUM($J$5:$J$312)*0.8,0),"中位60%","下位20%"))) | M101: =IF(F101="あり","◎","") | N101: =IF(OR(LEFT(G101,1)="A",LEFT(G101,1)="B"),"◎","") -> ◎ | W101: =IF((N(Q101)+N(R101)+N(S101)+N(T101)+N(U101)+N(V101))=0,"",IF(AND((N(Q101)+N(R101)+N(T101))>=2,(N(Q101)+N(R101)+N(S101)+N(T101)+N(U101)+N(V101))>=4),"高",IF(AND((N(Q101)+N(R101)+N(T101))>=1,(N(Q101)+N(R101)+N(S101)+N(T101)+N(U101)+N(V101))=3),"中","低"))) | X101: =IF(L101="中位60%",IF(W101="高",3,IF(W101="中",2,IF(W101="低",1,0)))+IF(M101="◎",1,0)+IF(N101="◎",1,0)+IF(O101="○",1,0)+IF(P101="○",1,0),"")
A102: 10700014 | B102: 森宗保全 合資会社 | C102: 法人 | D102: 7 | E102: 松崎 恵 | F102: あり | G102: D:決算書の作成から申告、税務代理まで | H102: 1 | J102: =IF(AND(H102=1,N(I102)>0),1,0) -> 0 | K102: =IF(J102=1,SUMPRODUCT(($J$5:$J$312=1)*(N($I$5:$I$312)>N(I102)))+1,"") | L102: =IF(J102<>1,"",IF(K102<=ROUND(SUM($J$5:$J$312)*0.2,0),"上位20%",IF(K102<=ROUND(SUM($J$5:$J$312)*0.8,0),"中位60%","下位20%"))) | M102: =IF(F102="あり","◎","") -> ◎ | N102: =IF(OR(LEFT(G102,1)="A",LEFT(G102,1)="B"),"◎","") | W102: =IF((N(Q102)+N(R102)+N(S102)+N(T102)+N(U102)+N(V102))=0,"",IF(AND((N(Q102)+N(R102)+N(T102))>=2,(N(Q102)+N(R102)+N(S102)+N(T102)+N(U102)+N(V102))>=4),"高",IF(AND((N(Q102)+N(R102)+N(T102))>=1,(N(Q102)+N(R102)+N(S102)+N(T102)+N(U102)+N(V102))=3),"中","低"))) | X102: =IF(L102="中位60%",IF(W102="高",3,IF(W102="中",2,IF(W102="低",1,0)))+IF(M102="◎",1,0)+IF(N102="◎",1,0)+IF(O102="○",1,0)+IF(P102="○",1,0),"")
A103: 10700016 | B103: 有限会社 高和エンジニアリング | C103: 法人 | D103: 7 | E103: 柳 陽平 | F103: あり | G103: C:総勘定元帳の記帳から決算、申告、税務代理まで | H103: 1 | J103: =IF(AND(H103=1,N(I103)>0),1,0) -> 0 | K103: =IF(J103=1,SUMPRODUCT(($J$5:$J$312=1)*(N($I$5:$I$312)>N(I103)))+1,"") | L103: =IF(J103<>1,"",IF(K103<=ROUND(SUM($J$5:$J$312)*0.2,0),"上位20%",IF(K103<=ROUND(SUM($J$5:$J$312)*0.8,0),"中位60%","下位20%"))) | M103: =IF(F103="あり","◎","") -> ◎ | N103: =IF(OR(LEFT(G103,1)="A",LEFT(G103,1)="B"),"◎","") | W103: =IF((N(Q103)+N(R103)+N(S103)+N(T103)+N(U103)+N(V103))=0,"",IF(AND((N(Q103)+N(R103)+N(T103))>=2,(N(Q103)+N(R103)+N(S103)+N(T103)+N(U103)+N(V103))>=4),"高",IF(AND((N(Q103)+N(R103)+N(T103))>=1,(N(Q103)+N(R103)+N(S103)+N(T103)+N(U103)+N(V103))=3),"中","低"))) | X103: =IF(L103="中位60%",IF(W103="高",3,IF(W103="中",2,IF(W103="低",1,0)))+IF(M103="◎",1,0)+IF(N103="◎",1,0)+IF(O103="○",1,0)+IF(P103="○",1,0),"")
A104: 10700018 | B104: 株式会社 Ａ－ＷＡＹ | C104: 法人 | D104: 7 | E104: 和田 小百合 | F104: あり | H104: 1 | J104: =IF(AND(H104=1,N(I104)>0),1,0) -> 0 | K104: =IF(J104=1,SUMPRODUCT(($J$5:$J$312=1)*(N($I$5:$I$312)>N(I104)))+1,"") | L104: =IF(J104<>1,"",IF(K104<=ROUND(SUM($J$5:$J$312)*0.2,0),"上位20%",IF(K104<=ROUND(SUM($J$5:$J$312)*0.8,0),"中位60%","下位20%"))) | M104: =IF(F104="あり","◎","") -> ◎ | N104: =IF(OR(LEFT(G104,1)="A",LEFT(G104,1)="B"),"◎","") | W104: =IF((N(Q104)+N(R104)+N(S104)+N(T104)+N(U104)+N(V104))=0,"",IF(AND((N(Q104)+N(R104)+N(T104))>=2,(N(Q104)+N(R104)+N(S104)+N(T104)+N(U104)+N(V104))>=4),"高",IF(AND((N(Q104)+N(R104)+N(T104))>=1,(N(Q104)+N(R104)+N(S104)+N(T104)+N(U104)+N(V104))=3),"中","低"))) | X104: =IF(L104="中位60%",IF(W104="高",3,IF(W104="中",2,IF(W104="低",1,0)))+IF(M104="◎",1,0)+IF(N104="◎",1,0)+IF(O104="○",1,0)+IF(P104="○",1,0),"")
A105: 10700019 | B105: 株式会社 新潟アパタイト | C105: 法人 | D105: 7 | E105: 荻原 真之 | F105: あり | G105: E:納税者の作成した決算書から申告、税務代理まで | H105: 1 | J105: =IF(AND(H105=1,N(I105)>0),1,0) -> 0 | K105: =IF(J105=1,SUMPRODUCT(($J$5:$J$312=1)*(N($I$5:$I$312)>N(I105)))+1,"") | L105: =IF(J105<>1,"",IF(K105<=ROUND(SUM($J$5:$J$312)*0.2,0),"上位20%",IF(K105<=ROUND(SUM($J$5:$J$312)*0.8,0),"中位60%","下位20%"))) | M105: =IF(F105="あり","◎","") -> ◎ | N105: =IF(OR(LEFT(G105,1)="A",LEFT(G105,1)="B"),"◎","") | W105: =IF((N(Q105)+N(R105)+N(S105)+N(T105)+N(U105)+N(V105))=0,"",IF(AND((N(Q105)+N(R105)+N(T105))>=2,(N(Q105)+N(R105)+N(S105)+N(T105)+N(U105)+N(V105))>=4),"高",IF(AND((N(Q105)+N(R105)+N(T105))>=1,(N(Q105)+N(R105)+N(S105)+N(T105)+N(U105)+N(V105))=3),"中","低"))) | X105: =IF(L105="中位60%",IF(W105="高",3,IF(W105="中",2,IF(W105="低",1,0)))+IF(M105="◎",1,0)+IF(N105="◎",1,0)+IF(O105="○",1,0)+IF(P105="○",1,0),"")
A106: 10700023 | B106: 株式会社 ＣＡＴ３ | C106: 法人 | D106: 7 | E106: 和田 小百合 | F106: なし | G106: C:総勘定元帳の記帳から決算、申告、税務代理まで | H106: 1 | J106: =IF(AND(H106=1,N(I106)>0),1,0) -> 0 | K106: =IF(J106=1,SUMPRODUCT(($J$5:$J$312=1)*(N($I$5:$I$312)>N(I106)))+1,"") | L106: =IF(J106<>1,"",IF(K106<=ROUND(SUM($J$5:$J$312)*0.2,0),"上位20%",IF(K106<=ROUND(SUM($J$5:$J$312)*0.8,0),"中位60%","下位20%"))) | M106: =IF(F106="あり","◎","") | N106: =IF(OR(LEFT(G106,1)="A",LEFT(G106,1)="B"),"◎","") | W106: =IF((N(Q106)+N(R106)+N(S106)+N(T106)+N(U106)+N(V106))=0,"",IF(AND((N(Q106)+N(R106)+N(T106))>=2,(N(Q106)+N(R106)+N(S106)+N(T106)+N(U106)+N(V106))>=4),"高",IF(AND((N(Q106)+N(R106)+N(T106))>=1,(N(Q106)+N(R106)+N(S106)+N(T106)+N(U106)+N(V106))=3),"中","低"))) | X106: =IF(L106="中位60%",IF(W106="高",3,IF(W106="中",2,IF(W106="低",1,0)))+IF(M106="◎",1,0)+IF(N106="◎",1,0)+IF(O106="○",1,0)+IF(P106="○",1,0),"")
A107: 10800001 | B107: 株式会社 ベルーリア | C107: 法人 | D107: 8 | E107: 柳 陽平 | F107: あり | G107: A:伝票作成から決算、申告、税務代理まで | H107: 1 | J107: =IF(AND(H107=1,N(I107)>0),1,0) -> 0 | K107: =IF(J107=1,SUMPRODUCT(($J$5:$J$312=1)*(N($I$5:$I$312)>N(I107)))+1,"") | L107: =IF(J107<>1,"",IF(K107<=ROUND(SUM($J$5:$J$312)*0.2,0),"上位20%",IF(K107<=ROUND(SUM($J$5:$J$312)*0.8,0),"中位60%","下位20%"))) | M107: =IF(F107="あり","◎","") -> ◎ | N107: =IF(OR(LEFT(G107,1)="A",LEFT(G107,1)="B"),"◎","") -> ◎ | W107: =IF((N(Q107)+N(R107)+N(S107)+N(T107)+N(U107)+N(V107))=0,"",IF(AND((N(Q107)+N(R107)+N(T107))>=2,(N(Q107)+N(R107)+N(S107)+N(T107)+N(U107)+N(V107))>=4),"高",IF(AND((N(Q107)+N(R107)+N(T107))>=1,(N(Q107)+N(R107)+N(S107)+N(T107)+N(U107)+N(V107))=3),"中","低"))) | X107: =IF(L107="中位60%",IF(W107="高",3,IF(W107="中",2,IF(W107="低",1,0)))+IF(M107="◎",1,0)+IF(N107="◎",1,0)+IF(O107="○",1,0)+IF(P107="○",1,0),"")
...

Sheet ③集計ダッシュボード
A1: アップセル機会 集計ダッシュボード（自動計算）
A3: ■ 層別サマリー
A4: 層 | B4: 件数 | C4: 報酬合計(円) | D4: 売上構成比
A5: 上位20% | B5: =COUNTIF(②顧問先マスター!$L$5:$L$312,"上位20%") -> 0 | C5: =SUMIFS(②顧問先マスター!$I$5:$I$312,②顧問先マスター!$L$5:$L$312,"上位20%") -> 0 | D5: =IF(SUMPRODUCT(②顧問先マスター!$J$5:$J$312,N(②顧問先マスター!$I$5:$I$312))=0,0,C5/SUMPRODUCT(②顧問先マスター!$J$5:$J$312,N(②顧問先マスター!$I$5:$I$312))) -> 0
A6: 中位60% | B6: =COUNTIF(②顧問先マスター!$L$5:$L$312,"中位60%") -> 0 | C6: =SUMIFS(②顧問先マスター!$I$5:$I$312,②顧問先マスター!$L$5:$L$312,"中位60%") -> 0 | D6: =IF(SUMPRODUCT(②顧問先マスター!$J$5:$J$312,N(②顧問先マスター!$I$5:$I$312))=0,0,C6/SUMPRODUCT(②顧問先マスター!$J$5:$J$312,N(②顧問先マスター!$I$5:$I$312))) -> 0
A7: 下位20% | B7: =COUNTIF(②顧問先マスター!$L$5:$L$312,"下位20%") -> 0 | C7: =SUMIFS(②顧問先マスター!$I$5:$I$312,②顧問先マスター!$L$5:$L$312,"下位20%") -> 0 | D7: =IF(SUMPRODUCT(②顧問先マスター!$J$5:$J$312,N(②顧問先マスター!$I$5:$I$312))=0,0,C7/SUMPRODUCT(②顧問先マスター!$J$5:$J$312,N(②顧問先マスター!$I$5:$I$312))) -> 0
A8: 合計 | B8: =SUM(B5:B7) -> 0 | C8: =SUM(C5:C7) -> 0 | D8: =SUM(D5:D7) -> 0
A10: （参考）LTV測定v1基準値: 税務顧問171件・報酬合計72,530,000円・上位20%(35件)で売上46%（出所: 前セッションLTV測定v1、マネーフォワード契約データ集計）
A12: ■ 中位60%アップセルポテンシャル
A13: 指標 | B13: 値
A14: 中位60%件数 | B14: =COUNTIF(②顧問先マスター!$L$5:$L$312,"中位60%") -> 0
A15: ポテンシャル（+10万円/社の場合） | B15: =B14*100000 -> 0
A16: 個別提案額の入力合計（中位60%） | B16: =SUMIFS(②顧問先マスター!$Z$5:$Z$312,②顧問先マスター!$L$5:$L$312,"中位60%") -> 0
A17: 優先度スコア4以上の先数（最優先アプローチ） | B17: =SUMPRODUCT((N(②顧問先マスター!$X$5:$X$312)>=4)*(②顧問先マスター!$L$5:$L$312="中位60%")) -> 0
A19: ■ 担当者別・中位60%件数／提案額
A20: 主担当者 | B20: 中位60%件数 | C20: 提案額合計(円)
A21: 福田 純夫 | B21: =COUNTIFS(②顧問先マスター!$E$5:$E$312,A21,②顧問先マスター!$L$5:$L$312,"中位60%") -> 0 | C21: =SUMIFS(②顧問先マスター!$Z$5:$Z$312,②顧問先マスター!$E$5:$E$312,A21,②顧問先マスター!$L$5:$L$312,"中位60%") -> 0
A22: 松崎 恵 | B22: =COUNTIFS(②顧問先マスター!$E$5:$E$312,A22,②顧問先マスター!$L$5:$L$312,"中位60%") -> 0 | C22: =SUMIFS(②顧問先マスター!$Z$5:$Z$312,②顧問先マスター!$E$5:$E$312,A22,②顧問先マスター!$L$5:$L$312,"中位60%") -> 0
A23: 荻原 真之 | B23: =COUNTIFS(②顧問先マスター!$E$5:$E$312,A23,②顧問先マスター!$L$5:$L$312,"中位60%") -> 0 | C23: =SUMIFS(②顧問先マスター!$Z$5:$Z$312,②顧問先マスター!$E$5:$E$312,A23,②顧問先マスター!$L$5:$L$312,"中位60%") -> 0
A24: 柳 陽平 | B24: =COUNTIFS(②顧問先マスター!$E$5:$E$312,A24,②顧問先マスター!$L$5:$L$312,"中位60%") -> 0 | C24: =SUMIFS(②顧問先マスター!$Z$5:$Z$312,②顧問先マスター!$E$5:$E$312,A24,②顧問先マスター!$L$5:$L$312,"中位60%") -> 0
A25: 越沼 浩美 | B25: =COUNTIFS(②顧問先マスター!$E$5:$E$312,A25,②顧問先マスター!$L$5:$L$312,"中位60%") -> 0 | C25: =SUMIFS(②顧問先マスター!$Z$5:$Z$312,②顧問先マスター!$E$5:$E$312,A25,②顧問先マスター!$L$5:$L$312,"中位60%") -> 0
A26: 福田 秀幸 | B26: =COUNTIFS(②顧問先マスター!$E$5:$E$312,A26,②顧問先マスター!$L$5:$L$312,"中位60%") -> 0 | C26: =SUMIFS(②顧問先マスター!$Z$5:$Z$312,②顧問先マスター!$E$5:$E$312,A26,②顧問先マスター!$L$5:$L$312,"中位60%") -> 0
A27: 田村 未帆 | B27: =COUNTIFS(②顧問先マスター!$E$5:$E$312,A27,②顧問先マスター!$L$5:$L$312,"中位60%") -> 0 | C27: =SUMIFS(②顧問先マスター!$Z$5:$Z$312,②顧問先マスター!$E$5:$E$312,A27,②顧問先マスター!$L$5:$L$312,"中位60%") -> 0
A28: 和田 小百合 | B28: =COUNTIFS(②顧問先マスター!$E$5:$E$312,A28,②顧問先マスター!$L$5:$L$312,"中位60%") -> 0 | C28: =SUMIFS(②顧問先マスター!$Z$5:$Z$312,②顧問先マスター!$E$5:$E$312,A28,②顧問先マスター!$L$5:$L$312,"中位60%") -> 0
A29: 南雲 拓也 | B29: =COUNTIFS(②顧問先マスター!$E$5:$E$312,A29,②顧問先マスター!$L$5:$L$312,"中位60%") -> 0 | C29: =SUMIFS(②顧問先マスター!$Z$5:$Z$312,②顧問先マスター!$E$5:$E$312,A29,②顧問先マスター!$L$5:$L$312,"中位60%") -> 0
A30: 深澤 優太 | B30: =COUNTIFS(②顧問先マスター!$E$5:$E$312,A30,②顧問先マスター!$L$5:$L$312,"中位60%") -> 0 | C30: =SUMIFS(②顧問先マスター!$Z$5:$Z$312,②顧問先マスター!$E$5:$E$312,A30,②顧問先マスター!$L$5:$L$312,"中位60%") -> 0
A31: 一場 明美 | B31: =COUNTIFS(②顧問先マスター!$E$5:$E$312,A31,②顧問先マスター!$L$5:$L$312,"中位60%") -> 0 | C31: =SUMIFS(②顧問先マスター!$Z$5:$Z$312,②顧問先マスター!$E$5:$E$312,A31,②顧問先マスター!$L$5:$L$312,"中位60%") -> 0
A32: 町田 尚史 | B32: =COUNTIFS(②顧問先マスター!$E$5:$E$312,A32,②顧問先マスター!$L$5:$L$312,"中位60%") -> 0 | C32: =SUMIFS(②顧問先マスター!$Z$5:$Z$312,②顧問先マスター!$E$5:$E$312,A32,②顧問先マスター!$L$5:$L$312,"中位60%") -> 0
... A35: 事務所共有１ | B35: =COUNTIFS(②顧問先マスター!$E$5:$E$312,A35,②顧問先マスター!$L$5:$L$312,"中位60%") -> 0 | C35: =SUMIFS(②顧問先マスター!$Z$5:$Z$312,②顧問先マスター!$E$5:$E$312,A35,②顧問先マスター!$L$5:$L$312,"中位60%") -> 0
A36: （担当未設定） | B36: =COUNTIFS(②顧問先マスター!$E$5:$E$312,"",②顧問先マスター!$L$5:$L$312,"中位60%") -> 0 | C36: =SUMIFS(②顧問先マスター!$Z$5:$Z$312,②顧問先マスター!$E$5:$E$312,"",②顧問先マスター!$L$5:$L$312,"中位60%") -> 0
A38: ■ ステータス別（中位60%）
A39: ステータス | B39: 件数
A40: 提案準備中 | B40: =COUNTIFS(②顧問先マスター!$AB$5:$AB$312,"提案準備中",②顧問先マスター!$L$5:$L$312,"中位60%") -> 0
A41: 提案済 | B41: =COUNTIFS(②顧問先マスター!$AB$5:$AB$312,"提案済",②顧問先マスター!$L$5:$L$312,"中位60%") -> 0
A42: 受注 | B42: =COUNTIFS(②顧問先マスター!$AB$5:$AB$312,"受注",②顧問先マスター!$L$5:$L$312,"中位60%") -> 0
A43: 見送り | B43: =COUNTIFS(②顧問先マスター!$AB$5:$AB$312,"見送り",②顧問先マスター!$L$5:$L$312,"中位60%") -> 0
